EAN,PRECIO
7790070433114,"1.290,00"
7794000006072,"2.990,00"
7796953301129,"1.680,00"
8445290993021,"2.920,00"
7796953304120,"1.810,00"
7790070336965,"3.490,00"
7793704000928,"5.290,00"
7898024394181,"8.248,50"
7790072001014,"1.450,00"
7796953511153,"2.400,00"
7898954933467,"5.056,65"
7791866001364,"3.190,00"
7798080521685,"2.545,00"
7898024395232,"3.741,00"
7790580131487,"4.260,00"
7790360720382,"890,00"
7790070336972,"1.980,00"
7798383010121,"4.890,00"
7790580131470,"4.260,00"
7790150101476,"7.500,00"
7792180001665,"5.990,00"
7790150431443,"1.404,00"
7794000008557,"1.890,00"
7790360720115,"890,00"
7790070433015,"1.690,00"
7790070433091,"2.490,00"
7798080521692,"2.459,00"
7791118013343,"3.820,00"
7790550011290,"4.590,00"
7798383010169,"4.790,00"
7794000006058,"3.890,00"
7790272001029,"5.490,00"
7792180144157,"1.790,00"
7798383010152,"4.790,00"
7790040143944,"989,00"
8445291121843,"2.690,00"
7790070317452,"5.290,00"
7898024395867,"5.250,00"
7798383010138,"4.790,00"
7792981071287,"1.459,00"
7798080521678,"2.455,00"
8445291121904,"12.590,00"
7794000006911,"2.419,00"
7790139003173,"1.643,00"
7791118000503,"6.107,00"
7798343751057,"1.700,00"
7792900000428,"1.450,00"
7794000005853,"2.590,00"
7792900092683,"1.419,00"
7790150435380,"1.734,00"
7790040143937,"989,00"
7794940000765,"6.690,00"
7793360131554,"3.980,00"
7790387800142,"1.790,00"
7791866001203,"1.649,00"
7790787153664,"3.699,00"
7792900093246,"1.749,00"
7791866003283,"2.649,00"
7791004000099,"2.449,00"
8445290993045,"4.250,00"
7891132001705,"1.779,00"
7790580131364,"5.790,00"
7898954933610,"5.282,75"
7793360129957,"3.079,00"
7791120037559,"1.990,00"
7790199603054,"2.469,00"
7795735000328,"1.320,00"
7790070432964,"3.629,00"
7790598012358,"1.490,00"
7790040143234,"2.090,00"
7891132001682,"1.779,00"
8445290559975,"8.260,00"
7792180141880,"3.199,00"
7790070432438,"1.189,00"
7794000005822,"2.590,00"
7790503199105,"1.799,00"
7794000006553,"3.450,00"
7790580138738,"999,00"
7794000006928,"2.419,00"
7790272001005,"4.199,00"
7790150433430,"1.438,00"
7622201704643,"1.699,00"
7790070265333,"3.990,00"
7799086000266,"1.768,00"
7792540294607,"1.972,00"
7790412000288,"1.890,00"
7622300829728,"1.515,00"
7792900000251,"3.379,00"
7790070562265,"1.489,00"
7790070432971,"4.289,00"
7622202288197,"980,00"
8445291738775,"19.660,00"
7792981071263,"1.459,00"
8445291311510,"8.990,00"
8445290900654,"3.990,00"
7790598010064,"1.190,00"
7790150437803,"1.611,00"
7790387015317,"5.490,00"
7793360126994,"6.900,00"
7798031470789,"3.017,50"
7798181511004,"3.152,65"
7791004000051,"1.969,00"
7790070432858,"4.790,00"
7793360129940,"3.079,00"
7794000008533,"1.890,00"
7790550000157,"6.990,00"
7891132001668,"1.779,00"
7792180004901,"1.990,00"
8445290993069,"3.740,00"
7792129004559,"3.592,50"
7790199000020,"1.329,00"
7790598000355,"1.390,00"
7792900000138,"1.665,00"
7798146138178,"2.649,00"
7790503000296,"1.355,00"
7790580138868,"1.349,00"
7790150564844,"1.066,00"
7790598000133,"1.390,00"
7790139003418,"8.075,00"
7790070432254,"2.990,00"
7790070432261,"2.990,00"
77956262,"3.199,00"
7798048720488,"2.920,00"
7790598000430,"1.190,00"
7790040143524,"4.399,00"
7790580131272,"1.290,00"
7790199603030,"2.100,00"
7622201820473,"1.625,00"
7790070431431,"1.890,00"
7791004000822,"1.400,00"
7793360123474,"1.965,00"
7792180139610,"2.890,00"
7790150231173,"2.590,00"
7798187211854,"2.259,00"
7790598012600,"1.690,00"
7790150438305,"1.611,00"
7794000004917,"3.190,00"
7790598015090,"990,00"
7790580118617,"1.899,00"
7790310985649,"2.399,40"
7792900093024,"1.210,00"
7790150250471,"2.405,00"
7790598021701,"1.990,00"
7792180131935,"3.990,00"
7790503199112,"2.999,00"
77961815,"790,00"
7792900990705,"4.790,00"
7790070431738,"4.190,00"
7793433000497,"5.619,00"
7790150440483,"1.949,00"
7798080521760,"4.310,00"
7790139101183,"2.195,00"
7790070431523,"4.025,00"
7790139101640,"9.021,00"
7790150436080,"2.988,00"
7791004000839,"1.400,00"
7790310985793,"3.306,00"
7790310985465,"3.300,00"
7790580152222,"1.899,00"
7891132001675,"1.779,00"
7891132011018,"4.810,00"
7790150432440,"1.438,00"
7790139003166,"1.100,00"
7791120099762,"2.890,00"
7790139101466,"5.031,00"
7622202288319,"980,00"
7613036312752,"24.400,00"
7790199000051,"1.550,00"
7790070432490,"1.190,00"
7790150006320,"6.590,00"
7798187211267,"3.450,00"
7790150540336,"2.805,00"
7790139101763,"6.080,00"
7790070432513,"1.190,00"
7794000008274,"3.659,00"
7798080520077,"17.900,00"
7790580147242,"1.919,00"
7790070933645,"5.990,00"
7792070071716,"1.859,00"
7798031470819,"3.017,50"
7790070265142,"11.579,00"
7790150460474,"1.985,00"
7790070431745,"4.190,00"
7790310985571,"5.309,40"
7790580199913,"950,00"
7794000004931,"3.190,00"
7790503000081,"4.129,00"
7798169802681,"3.290,00"
7790150406953,"1.785,00"
7792180142009,"1.990,00"
7798146139045,"4.550,00"
7790710334535,"2.450,00"
7790580151713,"1.899,00"
7794940000536,"3.090,00"
7622201705107,"1.699,00"
736684208738,"4.349,00"
7622201706029,"3.490,00"
7798418980023,"2.490,00"
77969088,"690,00"
7791620187693,"1.419,00"
7793704000881,"3.625,00"
7790150411391,"1.683,00"
7792180142948,"2.950,00"
7790150250327,"3.490,00"
7790150465479,"2.131,00"
7790150470350,"1.349,00"
7790150350171,"1.973,00"
7790150570180,"1.469,00"
7790150080825,"9.200,00"
7798146139038,"4.860,00"
7790598013782,"1.290,00"
7622300202859,"1.199,00"
7790060234868,"3.150,00"
7790580133344,"6.760,00"
7790040144088,"2.169,00"
7790580152123,"1.450,00"
7790580152109,"1.750,00"
7790580133641,"3.390,00"
7798343751095,"8.500,00"
7790503198689,"1.179,00"
7798146138963,"4.590,00"
7790150480243,"1.569,00"
7790310986615,"4.690,00"
7790150445365,"1.419,00"
7790150497272,"1.507,00"
7790139101145,"1.095,00"
7792180141873,"2.469,00"
7790598000140,"2.190,00"
7790580152215,"1.899,00"
7790580144951,"1.190,00"
7891000434239,"15.530,00"
7790150490471,"1.973,00"
7790070231420,"6.250,00"
7790360965127,"1.059,00"
7798187212202,"2.139,00"
7794000008281,"2.089,00"
7622201705480,"2.239,00"
7790070431448,"2.249,00"
7790150101490,"8.893,00"
7790150100783,"5.920,00"
77971630,"490,00"
7790580607418,"1.550,00"
7797394001555,"5.250,00"
7790580152147,"1.450,00"
7790580152116,"1.750,00"
7790150161500,"5.539,00"
7790070012050,"3.990,00"
7792070001133,"6.505,00"
7790387800159,"4.801,00"
7790150250150,"2.190,00"
7798048720396,"1.990,00"
7794940000857,"4.290,00"
7791120098888,"1.890,00"
7790070433008,"3.649,00"
7790360720122,"1.059,00"
7790150497081,"1.173,00"
7790040143920,"2.689,00"
7790150440131,"1.875,00"
7790387800197,"3.689,00"
7790263119665,"2.169,00"
7790070432995,"3.629,00"
7798343751446,"2.200,00"
7790580152130,"1.450,00"
7622202247286,"750,00"
7794520869034,"3.359,00"
8445291830806,"19.590,00"
7798187211885,"1.619,00"
7790580152093,"1.750,00"
7790580132958,"2.450,00"
7792180139573,"1.990,00"
7798151953551,"3.879,00"
7790580137960,"5.990,00"
7790150331088,"2.193,00"
7792180142924,"2.950,00"
7790598091162,"1.190,00"
7790580136215,"1.320,00"
7793046008477,"2.690,00"
7798031470871,"3.017,50"
7790310985670,"2.309,40"
7891000421390,"15.530,00"
7790170926646,"1.530,00"
7790150831106,"4.180,00"
7794000006119,"3.190,00"
7790150110386,"13.724,00"
7790150535394,"2.457,00"
7613035379213,"17.150,00"
7790070335982,"4.490,00"
7891000421093,"15.530,00"
7792180145758,"3.650,00"
7793750009777,"3.990,00"
7790580143718,"5.900,00"
7793433000640,"2.440,00"
7798080521739,"3.925,00"
7792280000360,"1.415,00"
7790150250525,"2.352,00"
7790170903715,"9.441,00"
8445291367272,"16.120,00"
7790199604181,"2.715,00"
7790310985830,"3.900,00"
7622201819699,"1.625,00"
7792360002079,"6.490,00"
7622202228469,"1.889,57"
7790170903654,"9.808,00"
7798126070931,"990,00"
7790742387806,"4.290,00"
7792180145628,"2.890,00"
7790150161227,"6.357,00"
7891000108819,"11.990,00"
7794000004924,"3.190,00"
7613036071499,"24.900,00"
7790310985526,"3.499,00"
7792180005205,"15.200,00"
7790150440360,"2.278,00"
7792180143051,"2.950,00"
7794000006133,"4.990,00"
7790503000364,"1.100,00"
7896004009186,"2.154,00"
7790580135430,"4.750,00"
7790310983553,"4.900,00"
7790580151690,"2.090,00"
7794000006140,"3.190,00"
8445291082212,"12.640,00"
7790170924642,"1.530,00"
7794940000550,"1.990,00"
77953537,"690,00"
7790742624109,"3.300,00"
7790070231833,"14.990,00"
7790598012136,"1.190,00"
7790150532300,"1.490,00"
7790040143364,"2.490,00"
7798187210178,"2.249,00"
7792180143921,"2.500,00"
8445290814425,"16.560,00"
7790490998019,"4.590,00"
7792900990774,"5.049,00"
7798187212196,"1.539,00"
7790150250426,"1.990,00"
7790580105013,"8.990,00"
7790387001419,"1.856,00"
7790070322074,"3.890,00"
7790040143500,"4.399,00"
7790598091742,"1.090,00"
7790150080900,"9.200,00"
7794000008243,"3.250,00"
7798146139052,"3.210,00"
7790040143807,"1.350,00"
7790598000331,"1.190,00"
7793360124945,"1.040,00"
7792200000791,"1.189,00"
7790040143555,"4.399,00"
7891132012015,"2.769,00"
7891132001699,"1.779,00"
7790310984475,"4.900,00"
7622201761288,"1.155,00"
7798146138857,"1.250,00"
7790040143241,"1.230,00"
8445290256393,"4.830,00"
7790150150276,"10.939,00"
7792280005686,"1.399,00"
7792540293754,"2.082,50"
7790272008387,"17.290,00"
7790387001433,"2.590,00"
7798187211847,"2.190,00"
7790748266204,"4.169,00"
7790150573280,"980,00"
7798146139229,"6.100,00"
7790598000010,"990,00"
7790150531181,"2.157,00"
7790040132955,"4.359,00"
7790040377707,"729,00"
7794820903339,"2.924,25"
7794000008915,"3.450,00"
7790139000448,"3.875,00"
8445291749672,"4.969,00"
7790150161128,"6.357,00"
7790710334597,"2.450,00"
7790272000794,"5.650,00"
7790040142503,"2.090,00"
7798343751507,"3.600,00"
7790580134327,"6.760,00"
7792360002123,"6.490,00"
7790598012617,"2.090,00"
7798031470888,"3.017,50"
7622201735319,"2.525,00"
7790040143227,"1.989,00"
7798151953131,"1.459,00"
7790272008394,"14.890,00"
7790199603467,"1.100,00"
7791620187662,"1.869,00"
7790710334757,"2.450,00"
7799037145145,"1.549,00"
7790199603474,"1.100,00"
7798334587030,"2.635,00"
7501059240605,"5.990,00"
7790150161029,"6.357,00"
7790071070134,"1.995,00"
7794520869355,"4.859,00"
7790040719804,"2.289,00"
7794000004887,"3.190,00"
7799037603003,"1.690,00"
7793433000671,"2.120,00"
8008698003503,"8.542,50"
7790150370100,"2.469,00"
7790150231258,"4.466,00"
7798224212288,"1.399,00"
7891000249833,"15.530,00"
7790387014143,"3.199,00"
7622202218729,"2.829,00"
7792260639689,"2.290,00"
7790387014624,"2.999,00"
7798151953407,"3.949,00"
7790310985434,"2.313,00"
7790040142985,"2.589,00"
7793433000688,"2.360,00"
7891000379073,"1.743,00"
7790580135737,"1.330,00"
8445290154125,"16.560,00"
7792180007254,"1.590,00"
7790070509109,"2.190,00"
7790580126087,"5.765,00"
7622202293733,"3.119,00"
7798224213261,"1.140,00"
7790040144033,"3.235,00"
7798187211915,"1.951,00"
7798224212066,"740,00"
7790580136734,"2.690,00"
7891000421574,"15.530,00"
7891000421451,"15.530,00"
7798048720471,"1.340,00"
7792900092980,"1.915,00"
7790139004941,"3.980,00"
7798080520534,"12.492,00"
7792180142191,"4.845,00"
7798151953377,"1.290,00"
7794520869294,"2.829,00"
7790150445396,"2.958,00"
7790580033408,"5.110,00"
7792200000777,"1.189,00"
7790040139657,"1.639,00"
7790580136239,"1.790,00"
7790040142480,"2.090,00"
7790310988114,"2.309,40"
7790310988220,"2.111,40"
7790070431332,"1.490,00"
7792180131942,"5.550,00"
7790150360262,"1.970,00"
7790150532508,"1.490,00"
7790150545287,"1.702,00"
7790070418203,"1.500,00"
7790070322081,"3.890,00"
7792360096634,"890,00"
7799037145176,"1.690,00"
7792710006153,"999,00"
7798128000677,"3.415,00"
7796373002934,"2.840,00"
7794520869317,"6.050,00"
7790070431318,"1.490,00"
7790150420331,"1.189,00"
7790150231333,"8.335,00"
7790710334603,"2.450,00"
7790380023487,"1.140,00"
7790170904668,"8.915,00"
7622201812744,"8.990,00"
7798132920435,"3.950,00"
7798128000684,"3.415,00"
7794520869324,"1.450,00"
7790310987780,"2.315,40"
7790150812549,"1.781,00"
7792180142931,"2.950,00"
7792750000937,"6.610,00"
7798125811023,"2.550,00"
7790040143777,"1.350,00"
7790748266167,"4.169,00"
7798187212158,"2.190,00"
7790387001440,"1.740,00"
7790550022456,"21.940,00"
7792180146120,"1.690,00"
7794520869003,"1.330,00"
7790150532706,"1.490,00"
7792710000182,"2.299,00"
7790040143517,"1.639,00"
7790150556740,"8.204,00"
7793323004260,"6.605,00"
7790040139176,"890,00"
7790040150072,"1.990,00"
7613036069724,"24.900,00"
7798067031275,"6.999,00"
7798334587054,"2.676,65"
7790310984444,"4.099,00"
7891000392775,"6.990,00"
7790580136116,"1.990,00"
7798125811085,"2.079,00"
7792180146106,"1.690,00"
7790040144125,"3.235,00"
7790040143784,"1.350,00"
8445291586864,"9.890,00"
7790580146092,"9.100,00"
7622210745620,"5.180,00"
7798334587061,"2.829,65"
7790580103279,"4.320,00"
7790150161401,"7.287,00"
7792280005693,"1.450,00"
7798125811061,"2.079,00"
7794000008229,"6.490,00"
7790040143548,"1.639,00"
7798343751521,"3.600,00"
7794520869782,"1.439,00"
7790070336446,"1.149,00"
7792180141903,"4.550,00"
7792070071693,"1.900,00"
7622201808860,"1.465,00"
7790040152793,"899,00"
7798456650148,"15.590,00"
7790580146047,"6.990,00"
7790580148959,"5.510,00"
7794520869577,"1.659,00"
7891962060453,"2.195,00"
7891962060460,"2.195,00"
7792860007963,"2.949,00"
7790150100806,"6.779,00"
7622202333255,"6.120,00"
8445291061347,"16.770,00"
7792280006140,"2.450,00"
7798187760963,"6.600,00"
7790150550465,"4.332,00"
7798224212035,"1.540,00"
7790710334658,"2.450,00"
7798370550159,"2.250,00"
7798334587009,"2.550,00"
7793450000364,"1.959,00"
7796373002248,"1.940,00"
7790310987995,"3.490,00"
7790387800173,"4.014,00"
7798224212127,"1.679,00"
7790070337009,"2.100,00"
7792180006455,"1.749,00"
7798169802773,"1.490,00"
7792180146090,"1.690,00"
7891167831100,"3.990,00"
7790580131388,"10.690,00"
7798334587078,"2.932,50"
7790150611074,"3.346,00"
7798456650131,"15.500,00"
8445291749221,"4.969,00"
7790580115579,"41.410,00"
7790070231697,"6.990,00"
7790070321565,"2.240,00"
7790580145460,"1.190,00"
7622202839962,"3.745,00"
7792900990699,"4.590,00"
7792180143037,"2.950,00"
7798154950014,"33.610,00"
7790170903692,"9.441,00"
7790070337108,"2.199,00"
7790040142497,"3.190,00"
7891962032306,"1.879,00"
7798456650124,"15.500,00"
7790580120085,"1.020,00"
7791568000719,"1.419,00"
7790040141254,"1.599,00"
7792070054351,"2.390,00"
7790598010217,"1.190,00"
7796373112701,"1.040,00"
7790150532607,"1.409,00"
7798418980016,"2.490,00"
7891143018396,"4.000,00"
7798125810521,"1.190,00"
7790079000638,"2.350,00"
7790742448101,"1.849,00"
7791620187808,"2.190,00"
7790070036513,"4.990,00"
7798013100567,"5.000,00"
7793940054006,"5.025,00"
7798342151124,"8.026,00"
7798018851211,"800,00"
7790742448309,"1.849,00"
7798013100697,"7.300,00"
7790079000317,"1.290,00"
7790787002931,"4.999,00"
7792180009074,"5.990,00"
7792335000321,"1.999,00"
7790079010828,"2.990,00"
7793046004141,"3.549,00"
7791620187822,"1.990,00"
7791620187761,"2.850,00"
7790742358608,"2.290,00"
7790360026002,"2.100,00"
7793046002215,"2.729,00"
7793890258288,"3.999,00"
7798342151520,"3.273,40"
7790742167101,"5.950,00"
7790079019326,"7.500,00"
7790079001031,"4.390,00"
7798013108136,"7.500,00"
7791620187754,"2.690,00"
7793046001416,"2.729,00"
7793893001966,"1.480,00"
7790742102805,"4.545,00"
7790742373304,"3.790,00"
7790742192301,"1.680,00"
7798342151513,"3.739,45"
7790080019872,"8.900,00"
7793890261486,"5.825,00"
7793890258998,"4.450,00"
7791620187778,"1.990,00"
7790079020773,"4.290,00"
7793890258271,"3.999,00"
7791337061422,"3.735,00"
7790742373205,"3.790,00"
7790199602934,"1.390,00"
7790670052371,"5.950,00"
7793890258752,"5.090,00"
7790742223203,"8.075,00"
7790742321800,"3.500,00"
7798342151582,"6.765,00"
7790742321701,"3.500,00"
7790079000904,"6.700,00"
7791620187860,"2.650,00"
7790079022593,"4.990,00"
7793890260885,"5.690,00"
7790079000867,"2.500,00"
7790670045465,"5.499,00"
7793890261493,"5.825,00"
7790670052418,"3.990,00"
7793913001822,"2.250,00"
7790070036032,"4.615,00"
7793890259001,"5.240,00"
7791620187839,"4.790,00"
7798060850095,"2.390,00"
7790742324009,"3.500,00"
7791337061439,"2.390,00"
7790670052401,"3.090,00"
7790199602910,"1.390,00"
7891515586720,"9.790,00"
7790070040046,"16.990,00"
7797906000700,"4.590,00"
7794990177523,"3.409,00"
7791337009950,"1.590,00"
7791337008687,"1.700,00"
7790742223104,"6.440,00"
7791337061361,"3.280,00"
7790670052517,"6.390,00"
7793890259025,"3.150,00"
7790079021619,"3.500,00"
7798013108143,"7.500,00"
7791337008670,"1.700,00"
7790070036025,"3.698,50"
7793890262407,"8.615,00"
7790742437303,"11.400,00"
7791337007185,"3.160,00"
7793913013566,"1.125,00"
7792180136480,"1.690,00"
7790742141903,"2.860,00"
7798013106910,"3.430,00"
7793913013443,"4.999,00"
7791337008694,"3.050,00"
7797906054956,"11.790,00"
7793913013450,"2.250,00"
7790070036001,"3.828,50"
7798164602606,"2.700,00"
7790742437105,"9.100,00"
7790079019692,"3.590,00"
7792180143426,"17.990,00"
7790670052203,"9.490,00"
7798344910286,"2.699,00"
7790813900989,"799,00"
7790742324108,"3.790,00"
7793890260915,"7.199,00"
7793913013986,"3.499,00"
7790742141101,"5.240,00"
7794990879656,"2.899,00"
7791337061507,"8.299,00"
7798060850026,"3.850,00"
7791337009608,"7.300,00"
7791337009868,"7.300,00"
7797906055014,"9.790,00"
7791337008663,"799,37"
7797906054826,"7.209,00"
7791337010635,"4.500,00"
7790742437402,"11.400,00"
7791337009882,"7.300,00"
7797906054819,"8.290,00"
7791337010666,"2.890,00"
7791337008489,"3.490,00"
7791337009943,"1.590,00"
7790670045502,"5.450,00"
7790079019708,"4.290,00"
7792180140562,"1.890,00"
7790670052869,"1.890,00"
7790398100088,"3.899,00"
7790244941827,"3.999,00"
7791337009400,"5.680,00"
7791620187815,"4.990,00"
7793913013726,"3.999,00"
7790787206155,"6.119,00"
7790670052364,"2.250,00"
7791337010604,"5.000,00"
7790070036278,"5.049,00"
7791337008106,"2.350,00"
7798060852044,"2.699,00"
7790742011701,"3.380,00"
7794990177530,"3.409,00"
7790670052548,"4.790,00"
7791337009851,"5.676,00"
7798342151261,"8.026,00"
7797906054925,"9.279,00"
7790079019159,"4.500,00"
7793890258783,"5.850,00"
7790742141309,"3.145,00"
7790742363107,"2.130,00"
7790670052500,"7.390,00"
7790670051329,"3.490,00"
7790670052593,"4.700,00"
7793890261233,"5.825,00"
7793890262131,"7.835,00"
7791337008113,"2.450,00"
7791337008700,"3.050,00"
7790742249906,"12.150,00"
7790070433169,"1.890,00"
7793913013474,"2.250,00"
7790360982247,"5.900,00"
7798143590085,"990,00"
7791337010321,"1.865,00"
7790742142009,"3.640,00"
7798095172384,"8.958,40"
7791337007161,"860,00"
7793890259087,"3.750,00"
7790670052616,"4.190,00"
7798143590306,"1.990,00"
7793890258769,"2.650,00"
7793890260892,"9.398,00"
7791337008656,"799,37"
7891515547066,"14.649,00"
7791337008472,"3.490,00"
7790580504809,"3.149,00"
7797906054864,"9.190,00"
7791337007864,"2.550,00"
7791337007345,"2.500,00"
7790360982254,"5.990,00"
7790070036599,"8.559,00"
7792180143402,"12.990,00"
7790742223302,"4.000,00"
7798344910279,"1.402,00"
7793890261523,"10.100,00"
7790070036308,"5.390,00"
7792180136985,"2.650,00"
7792180004741,"1.550,00"
7790742014122,"7.230,00"
7798143590115,"1.149,00"
7790742373908,"3.660,00"
7792180004789,"1.790,00"
7798114470057,"1.999,00"
7790670052999,"4.056,00"
7798136870675,"2.980,00"
7793940052002,"2.735,00"
7790070036148,"12.149,00"
7793890259605,"5.240,00"
7791337010314,"799,37"
7791337009776,"6.250,00"
7790070036384,"3.849,00"
7797906054918,"17.097,00"
7793913013757,"2.250,00"
7793913013993,"3.499,00"
7794820902967,"4.799,00"
7798018850566,"6.500,00"
7793913013733,"2.250,00"
7793890262360,"7.245,00"
7790742340306,"4.940,00"
7791337010642,"2.890,00"
7790670051312,"3.490,00"
7790670052609,"4.500,00"
7790070034410,"9.990,00"
7798060853072,"4.299,00"
7791337010093,"3.920,00"
7793890262162,"7.835,00"
7790787110513,"1.049,25"
7793890260724,"4.409,00"
7791337009394,"5.680,00"
7794990880225,"4.500,00"
7791337007253,"6.850,00"
7791337060944,"3.280,00"
7790360967824,"3.550,00"
7791337007628,"2.850,00"
7791337008564,"2.255,00"
7793890259018,"5.240,00"
7790070036605,"22.149,00"
7790787960453,"1.049,25"
7791337010659,"2.890,00"
7790787201303,"13.524,00"
7793913001013,"3.499,00"
7790742363008,"2.130,00"
7790070433220,"2.250,00"
7790070036414,"3.390,00"
7792180142122,"12.990,00"
7790787960460,"1.049,25"
7793913013412,"3.999,00"
7790670052265,"26.990,00"
7791337008212,"860,00"
7791337010680,"4.500,00"
7790787960873,"2.174,25"
7791337010437,"799,37"
7791337010192,"1.865,00"
7798060853010,"2.599,00"
8445290702234,"14.999,00"
7791337010574,"5.000,00"
7790079021459,"5.990,00"
7794820903513,"1.699,00"
7798136870682,"2.980,00"
7891515629465,"15.799,00"
7790742667649,"4.670,00"
7798060853041,"3.950,00"
7790787960552,"2.999,00"
7790670052395,"5.250,00"
7793890261462,"5.825,00"
7791337008571,"2.255,00"
7793913013689,"1.999,00"
7793890262148,"7.049,00"
7793913013764,"2.250,00"
7793913013771,"2.250,00"
7798060852822,"2.899,00"
7790360967794,"4.700,00"
7798342151971,"3.671,20"
7790070035950,"24.490,00"
7791337010611,"4.500,00"
7791337010581,"5.000,00"
7798060853034,"2.599,00"
7791337010512,"4.999,00"
7790670050612,"7.199,00"
7792180143419,"13.290,00"
7790670051985,"14.990,00"
7790670050674,"4.675,00"
7794990879557,"8.999,00"
7891515629458,"7.329,00"
7793890258776,"3.800,00"
7791337010260,"799,37"
7790670052708,"5.590,00"
7790787110520,"1.049,25"
7791337010444,"1.799,00"
7790360971135,"5.650,00"
7790742667311,"4.670,00"
7793913013542,"999,00"
7794820903612,"2.900,00"
7790787087181,"1.399,00"
7790742340108,"4.940,00"
7798060852945,"2.899,00"
7790670050780,"41.649,00"
7791337010420,"799,37"
7790787960880,"2.174,25"
7798060853096,"4.299,00"
7797906054833,"7.749,00"
7791337009967,"3.920,00"
7793913001662,"2.250,00"
7794990177578,"12.138,00"
7790670050605,"14.161,00"
7793890262384,"4.435,00"
7790079022111,"1.390,00"
7790070036292,"4.849,00"
7791337010208,"799,37"
7798114470231,"1.250,00"
7790787087204,"2.499,00"
7798060852990,"2.599,00"
7794990879663,"2.899,00"
7790670052715,"5.590,00"
7793890261516,"10.100,00"
7791337010451,"1.799,00"
7790398100071,"1.999,00"
7790360026606,"4.990,00"
7790742667328,"4.670,00"
7791337008410,"1.699,00"
7791337010185,"1.865,00"
7790670052739,"5.590,00"
7798099131004,"2.699,00"
7793913013252,"2.250,00"
7790670052678,"6.921,00"
7790787960446,"1.049,25"
7791337010413,"799,37"
7793890261196,"6.410,00"
7791337010369,"4.165,00"
7791337007192,"3.160,00"
7793913013610,"2.899,00"
7790742167200,"5.950,00"
7790787110551,"1.799,00"
7794820903087,"5.899,00"
7790670050728,"3.492,00"
7790787960477,"1.190,00"
7793913013375,"3.250,00"
7793890262391,"4.435,00"
7790670052722,"5.590,00"
7791337061385,"5.390,00"
7790787960811,"3.375,00"
7798136870545,"2.380,00"
7794820903223,"899,25"
7798136870781,"2.280,00"
7790787035007,"1.799,00"
7790079015649,"4.682,00"
7798060850019,"2.250,00"
7797906054857,"8.845,00"
7790360983947,"2.945,00"
7790360026682,"9.290,00"
7790787960330,"1.799,00"
7794990878925,"2.399,00"
7790742363206,"2.130,00"
7791337010376,"4.165,00"
7794820902790,"899,25"
7790787960514,"2.999,00"
7790174001301,"6.969,00"
7790787960774,"3.375,00"
7791337009639,"3.990,00"
7790670052791,"7.319,00"
7790787960538,"2.999,00"
7790742167309,"4.500,00"
7790787960569,"2.999,00"
7790787002672,"1.299,00"
7793890259261,"4.370,00"
7793890262414,"5.240,00"
7791337010628,"4.500,00"
7791337007604,"5.680,00"
7793913014013,"1.999,00"
7791337008243,"6.250,00"
7790787960934,"3.350,00"
7798060854024,"2.499,00"
7790742326607,"2.760,00"
7790670052289,"9.990,00"
7791337010673,"4.500,00"
7791337010390,"4.050,00"
7794990878932,"2.399,00"
7790244941872,"3.799,00"
7794820903070,"5.899,00"
7793890259698,"5.620,00"
7791564012495,"2.599,00"
7791564013355,"2.599,00"
7791337008229,"6.250,00"
7793913013795,"2.250,00"
7791337010406,"4.050,00"
7794820903483,"1.699,00"
7793890262155,"7.049,00"
7793913013719,"3.999,00"
7798060853003,"2.599,00"
7798095172100,"7.200,00"
7794820903490,"1.699,00"
7793913013702,"2.250,00"
7793913013641,"2.899,00"
7791337008458,"2.500,00"
7791564012501,"2.599,00"
7794820902899,"3.999,00"
7798136870606,"2.380,00"
7791337009622,"3.990,00"
7794820903605,"3.899,00"
7798302800437,"2.990,00"
7790787016501,"2.099,25"
7793913013214,"2.899,00"
7798342151377,"3.700,45"
7798060854017,"2.499,00"
7791337007611,"2.850,00"
7793913014020,"1.999,00"
7790360982018,"8.590,00"
7790787016518,"2.099,25"
7793890261509,"5.245,00"
7791337008588,"3.350,00"
7790174001325,"6.969,00"
7794820903100,"2.250,00"
7794820903117,"2.250,00"
7790244941582,"2.549,25"
7794990878888,"2.399,00"
7790742326300,"2.760,00"
7798171572763,"6.990,00"
7794820903094,"3.899,00"
7798136870705,"2.980,00"
7793913013627,"2.899,00"
7790787002528,"2.250,00"
7791337008267,"6.250,00"
7790070036179,"7.640,00"
7790070036261,"7.090,00"
7891515547059,"17.190,00"
7891515588410,"7.329,00"
7794820902264,"2.599,00"
7794820903216,"3.599,00"
7797906054987,"5.563,00"
7791337007598,"5.680,00"
7798136870613,"2.980,00"
7794990879526,"2.399,00"
7793890261226,"6.410,00"
7794820902714,"3.299,00"
7794820902905,"3.999,00"
7793890261479,"5.245,00"
7794820902844,"2.299,00"
7793913013207,"2.899,00"
7794820015247,"5.599,00"
7791337010482,"4.950,00"
7794820903063,"3.899,00"
7794820902837,"2.299,00"
7790360967558,"6.850,00"
7798183020368,"7.000,00"
7791337008403,"4.899,00"
7793913000337,"9.950,00"
7790787960781,"3.375,00"
7791337007260,"2.500,00"
7790360966841,"6.090,00"
7791337010499,"4.950,00"
7790787172566,"3.499,00"
7794820903056,"3.299,00"
7790244941605,"2.549,25"
7794990172757,"2.399,00"
7791337009356,"3.250,00"
7795323002420,"49.500,00"
7798338291315,"2.390,00"
7791337009387,"3.250,00"
7794990000012,"2.399,00"
7798136870743,"2.980,00"
7798060854345,"2.699,00"
7791337009424,"1.865,00"
7794820903230,"899,25"
7794820902165,"1.349,25"
7798181641442,"4.800,00"
7791564012488,"2.599,00"
7790742340900,"4.940,00"
7798001562261,"1.053,00"
7791337007901,"5.600,00"
7793913013740,"2.250,00"
7798338291551,"1.999,00"
7791337007949,"5.600,00"
7790360983954,"5.250,00"
7798060854352,"2.699,00"
7790360967404,"4.375,00"
7791337010291,"2.699,00"
7790360966797,"2.590,00"
7798183020344,"7.000,00"
7790742665027,"2.910,00"
7798181641459,"2.050,00"
7790670052555,"4.190,00"
7793913013634,"2.899,00"
7790070035707,"8.559,00"
7791337007932,"5.600,00"
7798338291544,"1.999,00"
7791337010161,"5.600,00"
7798181641411,"2.050,00"
7790742661333,"2.910,00"
7791337010536,"4.050,00"
7891515571351,"6.190,00"
7798342151391,"5.514,60"
7790670051336,"6.149,00"
7795323775225,"37.500,00"
7794820000304,"2.100,00"
7790895649837,"2.584,00"
7790742671653,"3.850,00"
7790742341709,"4.940,00"
7791337008625,"6.850,00"
7798181641428,"4.800,00"
7791337009707,"9.190,00"
7793890261837,"10.100,00"
7798183020351,"7.000,00"
7792798999866,"2.924,00"
7798131200620,"9.599,00"
7790950000160,"6.990,00"
7790290101602,"17.200,00"
7792410008006,"6.990,00"
7790895000737,"950,00"
7792410504324,"8.990,00"
7791200200552,"10.299,00"
7790950147926,"2.090,00"
6001495062508,"33.900,00"
7792798992317,"3.024,00"
7792410527880,"7.150,00"
7792410008105,"6.990,00"
5000299618417,"29.990,00"
7791560040126,"9.990,00"
5011007003005,"34.990,00"
7792410532167,"9.949,00"
7790950001969,"6.100,00"
6001108103956,"42.000,00"
7610113025024,"17.990,00"
7790895641534,"3.330,00"
724751009876,"15.990,00"
7792410008051,"6.990,00"
7792798009107,"990,00"
7790895009815,"2.490,00"
7792410008365,"6.990,00"
7790290101756,"14.990,00"
7790950133257,"2.700,00"
7791200000626,"12.699,00"
7791203003433,"8.990,00"
7798074864910,"12.990,00"
7790950133271,"2.700,00"
7622201703110,"329,00"
7791813421603,"1.425,00"
7791813434450,"4.450,00"
763571806012,"19.400,00"
5010106113073,"40.680,00"
7790950202816,"1.900,00"
7790895647123,"2.660,00"
7798051302244,"4.146,00"
7790314080159,"3.990,00"
7792410522717,"12.949,00"
7790290101657,"13.400,00"
7791670027604,"6.900,00"
7790975198613,"17.790,00"
7791200200781,"14.199,00"
7791813421917,"1.425,00"
7792170042258,"2.300,00"
7791813434412,"2.490,00"
7791813423591,"1.590,00"
7792798013470,"1.990,00"
7790895009846,"2.490,00"
7790950141610,"2.700,00"
7790577002165,"10.350,00"
7792170042029,"2.300,00"
7792931000039,"1.990,00"
7891136057029,"14.199,00"
7792799000097,"3.035,00"
7622201735340,"510,00"
7790717152002,"3.290,00"
7792798002320,"3.024,00"
7798107410497,"3.400,00"
7790290001179,"11.445,00"
7790717001195,"3.890,00"
7798062540284,"3.250,00"
7790950610574,"2.500,00"
736684265243,"9.990,00"
7792410544023,"14.240,00"
7790895003288,"4.320,00"
7792170042005,"2.300,00"
7790950128468,"2.350,00"
7793147118822,"2.628,95"
7622201705961,"510,00"
7790895000430,"3.690,00"
7790950139273,"2.350,00"
7790950135992,"2.700,00"
7792170110575,"3.390,00"
7790895000232,"1.520,00"
7792798013487,"3.098,76"
7790895067556,"3.690,00"
7622201705992,"510,00"
7798141877058,"8.670,00"
7795930000550,"5.700,00"
7622201735371,"510,00"
7790314079726,"4.990,00"
7794450000149,"12.900,00"
7791843008294,"2.590,00"
7792170110704,"3.390,00"
7798353194653,"6.800,00"
7792319972224,"6.000,00"
7790950128444,"2.350,00"
7798162671314,"3.990,00"
7791813828464,"1.990,00"
7790895643835,"2.360,00"
7790168904373,"6.040,00"
7790895064173,"2.769,00"
7790950133332,"2.700,00"
7790290101527,"13.400,00"
7802175001065,"21.300,00"
7791661000333,"6.880,00"
7790895000782,"1.690,00"
7790950202823,"1.900,00"
7790139002879,"8.400,00"
7792170110568,"3.390,00"
7791813888468,"2.690,00"
7792798001965,"4.498,20"
7799155000135,"4.690,00"
7791670027611,"6.900,00"
7790975000152,"35.070,00"
7622201735685,"510,00"
7790290101459,"6.300,00"
7792798002351,"3.990,00"
7792798010615,"2.200,00"
7792410532181,"9.990,00"
7790895067587,"1.520,00"
7794450090492,"14.790,00"
7790168904328,"6.040,00"
7792798014873,"3.400,00"
7792798003709,"4.050,00"
7791200000619,"14.199,00"
7795930000543,"1.490,00"
7622201735715,"510,00"
7790895643866,"2.360,00"
7790260016011,"7.799,00"
7792410134729,"6.990,00"
7790260013300,"8.690,00"
7790895006418,"4.417,50"
7790950140859,"1.900,00"
7792798012923,"2.374,00"
7798062540291,"3.250,00"
7790975198774,"18.900,00"
7790315000880,"3.250,00"
7790895640490,"3.330,00"
7792798005888,"1.690,00"
7790070507358,"5.890,00"
7790950134100,"3.500,00"
7798062548679,"2.500,00"
7792798015344,"2.250,00"
7792410523806,"6.795,00"
7622201735746,"510,00"
7791203001231,"17.900,00"
7790895648571,"1.520,00"
7791670026645,"3.900,00"
7790895643842,"2.360,00"
7790260013065,"8.690,00"
7790895010095,"3.637,50"
7790895003202,"1.520,00"
7790315001047,"3.100,00"
7790895641183,"1.672,00"
7793147009199,"3.500,00"
7791813421382,"2.490,00"
7792798010578,"3.700,00"
7790895067617,"3.290,00"
7798353194721,"7.500,00"
7792410527903,"7.870,00"
5000281003160,"61.990,00"
80432402931,"59.990,00"
7790950003444,"1.570,00"
7790895000218,"3.290,00"
7790950003420,"1.570,00"
7792798012770,"11.990,00"
7791813423157,"2.550,00"
7791728247114,"5.500,00"
7798108833950,"5.900,00"
7792798001316,"2.374,00"
7799155000197,"2.850,00"
7798039599246,"7.500,00"
7791813828419,"1.850,00"
7798062541014,"3.250,00"
7792799000905,"2.203,00"
7790070760722,"7.900,00"
7792799000059,"1.690,00"
7793147574093,"3.000,00"
7798262020104,"1.349,00"
7792931000022,"2.953,00"
7790945007051,"7.500,00"
7794450088581,"11.900,00"
7891050004741,"17.990,00"
7792799000899,"1.706,00"
7791813444411,"2.490,00"
7790070507372,"1.949,00"
7790895006104,"2.736,00"
7790168903925,"5.230,00"
7790950133356,"2.700,00"
7792410523165,"10.559,00"
7790895006715,"3.690,00"
7790895643286,"1.690,00"
7790580143237,"369,00"
7793147570927,"3.100,00"
7790984005162,"2.500,00"
7798130466232,"4.990,00"
7790975204062,"6.880,00"
7790895067532,"1.269,00"
7791813888406,"1.250,00"
7793147572723,"2.900,00"
7798162670706,"4.990,00"
7792798010882,"3.990,00"
7790580132774,"369,00"
7791813403029,"1.425,00"
7790805012027,"7.490,00"
7798078238120,"8.990,00"
7792798002399,"3.990,00"
7790580154233,"2.150,00"
7792870019918,"4.395,00"
7790895010088,"3.690,00"
7790577002424,"6.300,00"
7792798003716,"3.990,00"
7798062547559,"2.300,00"
7791813777021,"1.000,00"
7791843009116,"5.000,00"
7798062548709,"2.500,00"
7791813888413,"3.350,00"
7791670027482,"3.890,00"
7798123971309,"7.990,00"
7791813888376,"1.000,00"
7791813800774,"1.000,00"
7792931000015,"2.025,00"
7790314079924,"3.300,00"
7790315001054,"3.100,00"
7790290101473,"17.200,00"
7790580129965,"369,00"
7798162670713,"4.990,00"
7790168904502,"6.040,00"
7622201745707,"510,00"
7792798014835,"2.190,00"
7793147573683,"2.700,00"
7790895005374,"2.490,00"
7790314010200,"3.490,00"
7790314080203,"3.990,00"
7790168904403,"4.750,00"
7790093521782,"5.879,00"
7790070760821,"8.490,00"
7792798010639,"2.200,00"
7790260002076,"8.190,00"
7790314080142,"3.990,00"
7792798013388,"2.374,00"
7798162671673,"4.990,00"
7794450948694,"13.990,00"
7793147570866,"3.500,00"
7790580143008,"369,00"
7790950003437,"1.570,00"
7790315000910,"1.750,00"
7790168903833,"5.230,00"
7790577044837,"10.350,00"
7790315000149,"1.940,00"
7792798010561,"6.100,00"
7792798002122,"5.200,00"
5000267114279,"509.990,00"
7790580154219,"2.150,00"
7790895000829,"1.690,00"
7798262020197,"1.349,00"
7798039599420,"10.669,00"
7792798007493,"3.290,00"
7790168904434,"4.750,00"
7794450000781,"10.900,00"
7798062540253,"2.500,00"
7790895000447,"3.690,00"
7797942006933,"5.590,00"
7792319972231,"6.000,00"
7798062548648,"2.500,00"
7798290580120,"1.949,00"
7791843008317,"2.590,00"
7798162671864,"6.990,00"
7790577039987,"18.490,00"
7790895647666,"2.590,00"
7790315001085,"3.100,00"
5000299611104,"88.045,00"
7790093132728,"5.420,00"
7790895064128,"4.417,50"
7793147001056,"4.600,00"
7797942007046,"4.785,00"
7797942007022,"4.785,00"
7791728248265,"8.490,00"
7791728002690,"8.990,00"
7791203003365,"9.750,00"
7791200200620,"7.990,00"
7798324540069,"4.110,00"
7798324540137,"2.265,00"
7790975204154,"9.240,00"
7794450090713,"10.428,00"
7790975198675,"17.790,00"
7794450000972,"22.990,00"
7793147573546,"2.400,00"
7790895068164,"2.992,50"
7792798015023,"3.990,00"
7790290101787,"13.400,00"
7501035010109,"47.590,00"
7791843008911,"3.200,00"
7798130466270,"4.990,00"
7790577039659,"5.200,00"
7793147000899,"6.000,00"
7790070761019,"12.000,00"
7790945006771,"3.500,00"
7793147118860,"2.300,00"
7798108834070,"5.900,00"
7790577001663,"18.490,00"
7794450090096,"22.990,00"
7622201735777,"510,00"
7792798002757,"5.200,00"
7791813888475,"2.990,00"
7790895000225,"3.290,00"
7793147001742,"2.900,00"
7793147572846,"3.700,00"
7798161722253,"3.144,15"
7798162679747,"4.490,00"
7798074864798,"5.490,00"
7792798001972,"3.963,41"
7790895647642,"1.430,00"
7802100003270,"2.900,00"
7792798015061,"2.490,00"
7798123970296,"17.690,00"
7791843008935,"3.200,00"
7791843023471,"3.690,00"
7790314080180,"3.990,00"
7790703204968,"4.800,00"
7798159560232,"10.400,00"
5000267165806,"228.900,00"
5000267107776,"148.900,00"
7793147000752,"2.415,00"
7798162677576,"5.190,00"
7790577039628,"5.200,00"
7797942006957,"5.590,00"
7798108834117,"5.900,00"
7790070760623,"6.300,00"
7790975204215,"6.880,00"
7798262020043,"1.349,00"
7790895003882,"1.995,00"
7790315000934,"2.500,00"
7793147009137,"3.750,00"
7792798002115,"5.100,00"
7790314003233,"2.800,00"
7790577001571,"5.800,00"
7802107000876,"4.000,00"
7791203000142,"24.990,00"
7794450008275,"34.990,00"
7792798007387,"4.200,00"
7792410532426,"20.189,00"
7312040017683,"24.990,00"
7312040350056,"27.990,00"
7798290580090,"1.949,00"
7798324540052,"4.110,00"
7795933703236,"12.990,00"
7790895010064,"1.690,00"
7798074864859,"5.490,00"
7798078238021,"5.500,00"
7792319972712,"6.290,00"
7798074865313,"15.100,00"
7790895002304,"3.690,00"
7798039590625,"23.900,00"
7791913000746,"2.650,00"
7793147570743,"2.900,00"
7790703206221,"7.190,00"
7790577000055,"9.300,00"
7798353194752,"12.900,00"
7790895005312,"3.637,50"
7792798007400,"4.200,00"
7792798013678,"4.200,00"
7790945006849,"4.500,00"
7798324540083,"3.090,00"
7790070760562,"5.900,00"
7798324540045,"2.149,00"
7791560132838,"9.990,00"
7790580141509,"369,00"
7790975001487,"17.790,00"
7791093000017,"2.570,00"
7793147571689,"2.700,00"
7790240017045,"5.490,00"
7798108834155,"5.670,00"
7798108834032,"5.900,00"
7792319972675,"11.990,00"
7790577041515,"13.790,00"
7793147001025,"4.100,00"
7790895000331,"3.290,00"
7791670027857,"5.100,00"
7798108834094,"5.900,00"
7792319972248,"6.000,00"
7790577039949,"18.490,00"
7794450008282,"29.990,00"
7790577001151,"35.500,00"
7798324540076,"2.160,00"
7798324540113,"3.090,00"
7798324540106,"2.149,00"
7798062548686,"1.320,00"
7791843023495,"3.690,00"
7791203003389,"10.850,00"
7790703205095,"4.680,00"
7790577000024,"5.800,00"
7790975017013,"9.990,00"
7798123970685,"17.690,00"
7792319971111,"5.990,00"
7798324540038,"2.149,00"
7793147573737,"4.305,00"
7798108834193,"5.670,00"
7794068001057,"8.490,00"
7791250000997,"4.900,00"
7791843004982,"8.100,00"
7792319972774,"11.800,00"
7790240094459,"11.900,00"
7798161722192,"2.889,15"
7790240041460,"10.900,00"
5000267024011,"79.500,00"
7790895006111,"2.490,00"
7790895649837,"2.584,00"
7790260013287,"3.490,00"
7790703205224,"6.100,00"
7798051300202,"6.400,00"
7791200200583,"7.990,00"
7791250003400,"11.990,00"
5011013100132,"24.990,00"
7798348711278,"3.350,00"
7791333000029,"3.490,00"
7790314080197,"3.990,00"
7790703204982,"4.300,00"
7790260013256,"4.490,00"
7798078238038,"4.890,00"
7790704167637,"4.900,00"
7791250001017,"4.900,00"
7790704167644,"4.900,00"
7790240041880,"5.290,00"
7798099599200,"5.299,00"
7798051300189,"5.845,00"
7790975000046,"5.990,00"
7798108833066,"6.190,00"
7798108833080,"6.190,00"
7791250000935,"6.250,00"
7791540049910,"6.290,00"
7792410533102,"5.990,00"
7790189021028,"6.690,00"
7798078230643,"6.990,00"
7792410008259,"6.990,00"
7791540044519,"7.490,00"
7791540047862,"7.490,00"
7791540049590,"7.490,00"
7790240042092,"7.590,00"
7798099592546,"7.790,00"
7794450004239,"7.946,00"
7791200200606,"7.990,00"
7791250002243,"7.990,00"
7794450090959,"7.995,00"
7794450941251,"8.176,00"
7794068000111,"8.490,00"
7794068000142,"8.490,00"
7790805120043,"8.500,00"
7790240092011,"8.990,00"
7791728247688,"9.064,64"
7790975000022,"9.240,00"
7790975198699,"9.990,00"
7791728021301,"9.990,00"
7790189000177,"10.900,00"
7790240002010,"10.900,00"
7791250003097,"10.990,00"
7790577006903,"14.490,00"
7790975198712,"14.990,00"
7791728001082,"14.990,00"
7791728001075,"14.990,00"
5000291023462,"24.990,00"
897076002010,"27.990,00"
7790975022345,"38.410,00"
5000281015248,"38.800,00"
5000267014005,"42.300,00"
7790975194417,"45.100,00"
7790580154240,"890,00"
7509546056098,"3.849,00"
7500435228763,"21.330,00"
4006000005478,"6.199,00"
4006000005492,"6.199,00"
7790250054962,"2.750,00"
7790139101015,"3.149,00"
7790064000261,"1.349,00"
8715200817205,"8.917,00"
7509546686523,"3.890,00"
7899706188340,"34.990,00"
7793344019823,"1.490,00"
4005808524105,"5.499,00"
7793344000456,"1.799,00"
7793008017950,"9.490,00"
7500435219648,"8.850,00"
7791293044477,"3.551,00"
7790139000288,"1.990,00"
7791580005051,"7.090,00"
7793742004759,"28.539,00"
7790064000124,"2.649,00"
7790139101053,"3.189,00"
7790139003807,"3.290,00"
7791580002029,"6.390,00"
7891150025998,"2.299,00"
7702018053469,"8.850,00"
7790139003654,"2.549,00"
4006000005485,"6.199,00"
7500435224604,"13.490,00"
8002990292092,"10.990,00"
7790773007063,"1.820,00"
7790064001701,"2.000,00"
7500435219655,"14.200,00"
7791580005068,"6.590,00"
8002990292139,"10.990,00"
7791600037123,"22.900,00"
7791600596248,"28.990,00"
7794626015359,"11.990,00"
7793008018131,"9.990,00"
4006000016719,"23.540,00"
7791580005082,"6.590,00"
7791600087012,"14.990,00"
7791274198052,"2.490,00"
7509552876482,"7.074,00"
7891150097124,"11.590,00"
7790064000230,"1.949,00"
7791600018122,"24.200,00"
7506339337525,"8.290,00"
7791293047522,"5.700,00"
7500435173100,"8.189,00"
7702018037865,"11.222,00"
7791293050652,"3.621,00"
7791293047508,"5.700,00"
7798350081260,"8.514,00"
7702003010774,"1.269,00"
7791600028015,"18.500,00"
7791600619145,"17.350,00"
7506306241183,"3.990,00"
7500435219662,"14.200,00"
7790250042082,"16.490,00"
7891150101784,"10.390,00"
7509552902358,"7.074,00"
7798339190433,"15.190,00"
7805010002135,"12.900,00"
7791600603137,"25.775,00"
7500435225366,"8.490,00"
7790250042075,"16.490,00"
7790773007117,"2.790,00"
7500435144223,"5.290,00"
7791293046136,"2.990,00"
7798350089020,"2.814,00"
7790250042068,"16.490,00"
7509552902327,"7.074,00"
7702003010781,"2.299,00"
7702018037896,"20.825,00"
7790250054344,"2.190,00"
4005808229123,"9.929,00"
7500435173223,"8.189,00"
77987983,"2.885,00"
7791600603021,"18.990,00"
70330717527,"3.690,00"
70330731745,"4.249,00"
7793008018025,"15.999,00"
7793742003738,"33.490,00"
7506460101088,"8.990,00"
7793008017486,"1.190,00"
7891010035976,"1.490,00"
7793008019725,"2.890,00"
7793008019756,"2.890,00"
7509552899191,"17.023,50"
7500435160674,"7.796,00"
4006000040424,"7.890,00"
7702018874729,"7.390,00"
7791274198564,"3.499,00"
7509546702605,"3.509,40"
7702003010736,"2.299,00"
7791293050560,"5.750,00"
7791274198045,"2.999,00"
7790064001954,"2.049,00"
7790064001909,"3.249,00"
7891150095700,"6.798,00"
7891150103504,"11.590,00"
70330732339,"2.199,00"
7791293050355,"5.700,00"
7509552930344,"8.070,00"
7791600024680,"12.490,00"
7793008017943,"4.449,00"
7509552899207,"17.023,50"
7793008018988,"2.790,00"
70330731769,"4.249,00"
7702018072392,"6.999,00"
7506339337532,"8.990,00"
7509552964394,"8.070,00"
7791274197741,"2.490,00"
7702018874781,"7.190,00"
7891150104839,"6.990,00"
7798350082328,"8.514,00"
7506306241176,"3.990,00"
7791580003040,"7.090,00"
7794728011174,"8.190,00"
8412300813006,"14.990,00"
7891150019560,"2.519,00"
7790940000019,"2.600,00"
7791014001512,"5.990,00"
7791274198069,"2.999,00"
7794640173080,"7.349,00"
7791293048659,"9.290,00"
7793008020431,"4.349,00"
7793008017929,"4.449,00"
7509552948073,"15.691,00"
70330721838,"4.249,00"
70330734395,"5.490,00"
7791293045948,"5.450,00"
7509552902440,"7.074,00"
7794626011023,"3.990,00"
7509552902419,"7.074,00"
7790770602087,"2.200,00"
7793008019749,"2.890,00"
7509552948097,"15.691,00"
7509552876550,"11.610,60"
7791600024017,"22.349,00"
7790064104808,"8.049,00"
7509546075242,"3.450,00"
7500435169486,"20.150,00"
7791293050645,"6.641,00"
7891150103481,"10.990,00"
7794626001475,"4.490,00"
7791274196461,"2.219,00"
4006000040417,"7.750,00"
7791293046143,"2.990,00"
7793008017455,"1.190,00"
7891010253905,"9.159,20"
7793008019787,"2.890,00"
7790033338173,"8.070,00"
7702425632189,"9.390,00"
7509552962598,"34.990,00"
7794626010842,"3.290,00"
7794626013386,"17.578,00"
7509552791280,"7.074,00"
7702018983872,"8.290,00"
7506339389500,"14.612,00"
7790010002653,"2.000,00"
7509552948028,"15.691,00"
7509552948547,"15.691,00"
7509552947991,"15.691,00"
4006000050188,"5.290,00"
7891024135020,"3.509,40"
7506460101057,"12.449,00"
70330717510,"3.690,00"
7702018072408,"12.990,00"
7500435228770,"21.330,00"
8715200813061,"14.990,00"
7509552917437,"19.590,00"
7500435169646,"5.159,00"
7791293020297,"4.590,00"
7790064104709,"3.690,00"
7790740001421,"3.990,00"
7896061990687,"4.189,00"
7891150035874,"4.390,00"
7509552902891,"7.074,00"
7509552911961,"9.690,00"
7793008019053,"5.749,00"
7791293048802,"2.744,00"
7791293046464,"5.450,00"
7702010631207,"5.090,00"
7509552948004,"15.691,00"
7790250042792,"15.990,00"
7794626014949,"4.500,00"
7790773008404,"6.300,00"
7790010002806,"10.149,00"
7500435229814,"10.200,00"
7790010003216,"5.249,00"
7790010002950,"5.769,00"
7500435150248,"2.153,40"
70330717565,"2.190,00"
7702018072477,"10.350,00"
7791274196430,"2.590,00"
7798101910177,"1.300,00"
7500435191524,"8.251,00"
7794626010828,"5.949,00"
7791600295462,"12.490,00"
7791600668518,"12.290,00"
7791293051017,"6.990,00"
7500435229562,"4.374,00"
7794626011047,"8.175,00"
7791293045740,"5.450,00"
7509552859126,"7.074,00"
7509552925913,"7.074,00"
7509552964561,"7.751,40"
7791293048642,"9.290,00"
7702026194697,"1.974,00"
7891024116128,"4.290,00"
7500435229517,"4.648,20"
70942004114,"7.149,00"
7506339315905,"10.779,00"
7794626013829,"12.490,00"
7794626012914,"15.890,00"
7790250042051,"16.490,00"
7791293045733,"5.450,00"
4006000040356,"7.750,00"
7891150097131,"10.990,00"
7791293045931,"5.450,00"
7896015520045,"6.990,00"
7790770601851,"2.100,00"
7891010253929,"5.192,00"
7791014001536,"5.990,00"
7509552876420,"4.361,40"
7791293050546,"5.750,00"
7509552935615,"5.814,00"
7791293048635,"9.290,00"
7509552874204,"13.327,20"
7790010002837,"8.790,00"
7899026462625,"10.490,00"
7791293046433,"5.450,00"
7509552923940,"18.250,00"
7791519705441,"2.600,00"
70330728547,"4.249,00"
7500435219334,"12.290,00"
7509546702636,"5.129,40"
7790990000878,"2.339,40"
7791293051468,"5.450,00"
7509552925890,"7.074,00"
7791293027883,"5.522,00"
7790010003162,"6.599,00"
7891150097148,"5.990,00"
7794626014963,"7.549,00"
7798350081284,"8.514,00"
7790250042822,"15.990,00"
7896007552962,"18.690,00"
7501056325442,"2.872,00"
42277095,"6.890,00"
7509552876437,"7.194,00"
7500435243681,"10.200,00"
7896009419324,"6.149,00"
7500435229609,"4.494,00"
7791274005305,"2.175,00"
7509552905137,"27.029,00"
7793008019770,"2.890,00"
7793008017936,"4.449,00"
7899026462670,"10.490,00"
7899026462533,"10.490,00"
7509552948172,"15.691,00"
7509552923759,"18.250,00"
7790010003063,"6.599,00"
7790010002943,"5.999,00"
7500435178570,"8.890,00"
7702018874750,"8.990,00"
7792640002805,"9.549,00"
7891024123027,"4.250,00"
7791293048819,"2.750,00"
7509552979541,"6.711,00"
7790010002851,"4.049,00"
7891010254803,"5.290,00"
7500435230117,"10.200,00"
7791519704642,"10.100,00"
7791293033013,"10.590,00"
7891024134610,"5.955,00"
78924529,"3.588,00"
7790990000823,"749,40"
7790010002844,"13.790,00"
7509552964165,"8.490,00"
7791293046372,"5.450,00"
7793100111891,"1.990,00"
7793742004735,"21.990,00"
7790940216212,"2.049,00"
7790010002912,"6.190,00"
7791293049571,"4.690,00"
4006000104591,"28.399,00"
7501054542896,"4.049,00"
7791519702105,"15.100,00"
7500435230094,"10.200,00"
7794626011566,"5.649,00"
7791293050928,"4.096,00"
7509552902525,"5.814,00"
7794640173066,"3.449,00"
7891150095618,"2.519,00"
7509546668055,"3.509,40"
7509552900750,"14.990,00"
4005808890590,"5.990,00"
7702026174156,"22.100,00"
7891024034095,"3.225,00"
7790990004104,"2.339,40"
7501006721317,"10.200,00"
7791293025889,"4.590,00"
7791519704659,"10.100,00"
7791519704635,"10.100,00"
7791600037345,"6.499,00"
7793008020424,"4.349,00"
7899026462656,"10.490,00"
7899026462571,"10.490,00"
7899026462687,"10.490,00"
7509552923933,"18.250,00"
7791293047492,"5.700,00"
7702018983902,"15.316,00"
7500435019491,"8.966,25"
7790770602032,"4.529,40"
7791293027876,"5.522,00"
78944800,"3.099,00"
7891024034767,"769,00"
7791293045788,"5.450,00"
7501054550044,"4.049,00"
7790773007124,"4.349,00"
7509552851625,"7.194,00"
7791293049014,"9.290,00"
7509552923162,"7.999,00"
7792640001822,"7.590,00"
7891150099906,"10.390,00"
7791293048826,"2.744,00"
7509546686042,"3.509,40"
7509546683409,"2.275,00"
4005900773821,"18.590,00"
7501056324889,"4.663,00"
7891010099725,"3.832,00"
42429142,"6.019,00"
7791293049960,"9.990,00"
7793100151224,"1.890,00"
70942306805,"5.449,00"
7790010002752,"3.959,00"
7501054550563,"5.690,00"
7791293049878,"9.990,00"
7500435159210,"8.966,25"
7509552844405,"8.490,00"
7509552922271,"8.490,00"
70942003117,"7.149,00"
7790010003070,"10.890,00"
4006000120294,"4.629,00"
7891010251031,"11.239,20"
7509546651057,"6.689,00"
7790770601875,"1.889,40"
7509552964264,"7.999,00"
7791600018450,"6.499,00"
7791274005275,"1.479,00"
7896009499128,"9.400,00"
7790250040774,"4.449,00"
7509552844771,"10.490,00"
7509552899177,"17.023,50"
7509552923858,"18.250,00"
7509552924121,"18.250,00"
7794626013362,"18.490,00"
7509552876536,"8.490,00"
7791293047072,"5.700,00"
7791293043791,"4.590,00"
7794626012952,"30.990,00"
7798142356392,"13.849,00"
7791293049526,"4.690,00"
7791293032467,"4.690,00"
7500435127363,"2.334,00"
650240051647,"10.869,00"
7509546687292,"2.590,00"
4006000067919,"18.590,00"
7509552455557,"22.869,00"
4005800137679,"4.109,00"
7500435229494,"5.690,40"
7791293027869,"5.522,00"
7791274005329,"2.175,00"
7790010003179,"10.890,00"
7790416066624,"2.399,00"
78944794,"3.099,00"
7790740000486,"3.990,00"
7791293051437,"5.450,00"
7791293050041,"9.990,00"
7891010257521,"5.590,00"
7793100120275,"2.390,00"
7891024131909,"2.049,00"
7790010002820,"3.549,00"
7791293051482,"5.750,00"
7791293050508,"7.343,00"
7793008017462,"1.190,00"
4005900985828,"7.199,00"
7798140251583,"12.090,00"
7500435231244,"5.467,50"
3600542326414,"22.869,00"
7793742008252,"22.769,00"
5900273001566,"2.399,00"
7501006721294,"6.390,00"
7509546693170,"2.390,00"
7509552823806,"8.490,00"
7891024183182,"3.549,00"
7891024183120,"4.300,00"
7898422746827,"2.519,00"
7896009498091,"7.890,00"
7501086453955,"5.394,00"
7791293045979,"5.450,00"
7791293050126,"9.990,00"
7891010568771,"3.490,00"
7791293045771,"5.450,00"
7793008018803,"7.249,00"
7790010003087,"14.490,00"
7794640173127,"5.890,00"
7790010002981,"9.449,00"
7790010002967,"9.449,00"
7500435019880,"8.966,25"
7509552876659,"8.490,00"
7891150035881,"4.390,00"
7509552874136,"11.590,00"
7702031244592,"9.700,00"
7791600173029,"9.690,00"
7509552849646,"20.546,00"
7509552798005,"20.546,00"
7899026462601,"10.490,00"
7509552899214,"17.023,50"
7791293050553,"5.750,00"
7791293049793,"5.994,00"
7891150099920,"5.994,00"
7790033338166,"7.751,40"
7791293032498,"4.690,00"
7790416066525,"2.399,00"
7500435211635,"20.825,00"
7500435125239,"23.990,00"
7791600596576,"6.556,00"
7506339337549,"27.134,00"
7753442000390,"1.990,00"
7790010002769,"2.549,00"
7790740000325,"5.500,00"
7509546703640,"6.290,00"
7791293045955,"5.450,00"
7509552790160,"7.074,00"
7509552902112,"4.361,40"
7791293050614,"5.449,00"
7509552920857,"8.490,00"
7791293046983,"5.700,00"
7509552874105,"11.590,00"
7896015519223,"5.149,00"
7791293050966,"1.490,00"
7790940518033,"2.790,00"
7791274197963,"2.899,00"
7891010254780,"3.839,00"
7790940410245,"11.149,00"
7790940410252,"11.149,00"
7891024027226,"2.650,00"
7793008018766,"7.249,00"
7896007552955,"18.690,00"
7702026174149,"22.099,00"
7791293046990,"5.700,00"
7798420160628,"12.090,00"
4005900399946,"12.550,00"
7791293051024,"6.350,00"
7794626013300,"36.990,00"
4005800137556,"7.190,00"
7891010251048,"10.552,00"
7793742005039,"18.689,00"
7793742008740,"20.190,00"
7798142356385,"13.849,00"
7509552922295,"8.490,00"
7509552874099,"11.590,00"
7506306214972,"7.090,00"
7509546690315,"6.490,00"
5054563054975,"10.849,00"
4015400763697,"8.990,00"
7790010003254,"8.749,00"
7509552920871,"8.490,00"
7790010002974,"6.049,00"
7794728011273,"8.190,00"
7791600044053,"9.690,00"
7702018001071,"15.200,00"
7500435203982,"15.307,00"
7791293045757,"5.450,00"
7791293050577,"5.750,00"
7791293049953,"9.990,00"
7500435247979,"15.950,00"
7500435155830,"6.390,00"
7500435248037,"9.850,00"
7500435204026,"37.990,00"
7509546066776,"4.680,00"
7891150087453,"12.199,00"
7790940518026,"1.790,00"
7794626012822,"3.399,00"
7791293046891,"4.299,00"
78933354,"3.599,00"
7790064002029,"3.390,00"
7790773008435,"4.190,00"
7509546683386,"2.275,00"
7791293046877,"1.603,00"
7509552902341,"4.361,40"
7791293043845,"4.590,00"
7798140257592,"6.249,00"
7791293032481,"4.690,00"
7891150104822,"6.350,00"
4006000040349,"4.500,00"
7509552874129,"11.590,00"
7500435191586,"9.850,00"
7790416066426,"2.399,00"
7793742007583,"19.239,00"
7509552796131,"36.990,00"
7509552840322,"43.990,00"
7790770602070,"1.290,00"
7790250097563,"5.399,00"
7793100120282,"4.390,00"
7319470066793,"24.990,00"
7791293050812,"4.328,00"
7891150068735,"7.090,00"
7896009498978,"10.400,00"
7791293050911,"4.096,00"
7791293051475,"8.990,00"
7791600603465,"6.499,00"
4005808257553,"2.829,00"
7790250097662,"2.490,00"
7790940233257,"2.590,00"
7509546073453,"2.890,00"
7790010002776,"3.390,00"
7790940216267,"3.749,00"
7790010002790,"3.969,00"
7702010630422,"4.790,00"
7790770602384,"5.369,40"
7790740000240,"5.500,00"
7794640172984,"8.290,00"
7790010002745,"12.949,00"
7798140257714,"7.590,00"
7791293051710,"5.890,00"
7509552815269,"4.794,00"
7791293043807,"4.590,00"
7794728013840,"8.049,00"
7501086494262,"2.999,40"
7790773008459,"4.000,00"
7793008020448,"4.349,00"
7509546693736,"10.100,00"
7899026462557,"10.490,00"
7509552948189,"15.691,00"
7500435178587,"16.626,00"
7791293033051,"10.590,00"
7891024134702,"3.290,00"
7798140257554,"4.049,00"
7798140257547,"4.549,00"
4005808515592,"9.350,00"
7891010253844,"8.279,20"
7891010254766,"3.839,00"
7790770602209,"5.090,00"
7790010002738,"6.889,00"
7793620003553,"11.049,00"
7790740608231,"8.339,00"
7791293045993,"8.990,00"
7790010003278,"8.749,00"
7792640000269,"9.549,00"
7500435142557,"8.966,25"
7500435235365,"10.200,00"
7501006721119,"6.390,00"
7790010003261,"6.599,00"
4005808257621,"2.829,00"
7891010247324,"3.990,00"
7793008018995,"2.790,00"
7891150101647,"5.994,00"
7509552859119,"7.194,00"
7791600295356,"5.990,00"
7506306255050,"5.750,00"
7509552874006,"14.990,00"
7509552928877,"13.327,20"
7500435229500,"2.697,60"
7500435229487,"3.294,00"
7891024183083,"4.090,00"
7791600028657,"6.499,00"
7500435241045,"15.950,00"
7506306249974,"5.750,00"
7798142351205,"6.090,00"
7791293050980,"1.490,00"
7792640008104,"10.929,00"
7891024116319,"6.890,00"
7791293050850,"1.590,00"
7791600024345,"5.990,00"
7509546654034,"3.509,40"
7891024124628,"6.990,00"
7896009498589,"11.649,00"
7790770601912,"2.369,40"
7790770602018,"2.609,40"
7794626011498,"4.149,00"
7791293050454,"4.365,00"
7790010002677,"7.449,00"
7891010255312,"6.349,00"
7509552902365,"11.610,60"
7791293049762,"5.450,00"
7793008018773,"4.149,00"
7791293045665,"3.690,00"
7791293033006,"6.990,00"
7794640173073,"5.600,00"
7791600087234,"6.499,00"
7500435019873,"5.467,50"
7791293049625,"8.090,00"
650240035401,"5.790,00"
7798142350222,"8.390,00"
7509552844047,"24.949,00"
7794626013294,"36.990,00"
7790250097624,"3.250,00"
7790740000233,"5.500,00"
70330745889,"7.649,00"
7791293049731,"5.450,00"
7500435249348,"8.966,25"
7500435019705,"7.290,00"
78944848,"3.099,00"
7794640171758,"14.690,00"
7794640171741,"9.949,00"
7790740000363,"5.500,00"
7791293045863,"3.690,00"
7791905024354,"3.289,00"
7791293050607,"5.449,00"
7500435235334,"10.200,00"
7506295388487,"3.715,20"
7896009419294,"6.790,00"
7794626013973,"7.290,00"
7794626011092,"9.290,00"
7790740608217,"8.339,00"
7791293045542,"5.700,00"
7791293030203,"5.522,00"
4008600407508,"16.492,50"
7509552836592,"5.814,00"
7790010003308,"9.349,00"
7791293049021,"9.290,00"
7791600064563,"5.990,00"
7791293050485,"9.684,00"
7891150100282,"9.684,00"
7790010003247,"6.599,00"
78944855,"3.099,00"
7791600040147,"9.690,00"
7790940515063,"4.649,00"
99176316565,"6.329,00"
4005900683830,"5.290,00"
7793008018759,"4.149,00"
7793008018797,"4.149,00"
7891010255350,"5.350,00"
7791293046112,"5.490,00"
7798420160611,"12.090,00"
7500435248044,"15.950,00"
7500435231220,"2.349,60"
7501056326142,"4.663,00"
4006000128603,"24.990,00"
7509552800098,"19.749,00"
7798140259985,"15.090,00"
7509552905366,"27.029,00"
7891024027257,"2.650,00"
7791293050119,"9.990,00"
7792640007725,"10.719,00"
7791600060589,"6.390,00"
7794728001120,"5.149,00"
7509552940428,"11.590,00"
7791600022020,"5.990,00"
7702026194703,"1.974,00"
7790250097648,"2.349,00"
7790770602193,"3.590,00"
7790010002615,"4.119,00"
7790770601998,"5.729,40"
79400110695,"13.999,00"
3014260019723,"2.787,60"
7791293050386,"4.365,00"
7790740000349,"5.500,00"
7794218106564,"3.190,00"
7791293046389,"8.990,00"
7798140257752,"7.590,00"
7500435202695,"8.966,25"
7792640008111,"10.929,00"
7791293047058,"5.700,00"
7500435247955,"9.850,00"
7794640630491,"2.390,00"
7791293051666,"5.990,00"
7509546653396,"4.149,00"
7791519704338,"8.000,00"
7790770601974,"1.529,40"
7790250097617,"1.590,00"
7790770602186,"1.749,00"
7790770602933,"5.090,00"
7790010002882,"8.790,00"
7891024034781,"769,00"
7790010002622,"10.549,00"
7891024005064,"9.390,00"
7896015527433,"6.149,00"
7509552917390,"31.350,00"
7791519704604,"11.000,00"
7792640000320,"9.549,00"
7791600174767,"6.499,00"
7506306254459,"3.990,00"
7501056342944,"5.990,00"
7500435191456,"15.950,00"
7591083011098,"3.690,00"
7791293050447,"4.365,00"
70942003308,"7.449,00"
7791293051000,"1.490,00"
7791293046440,"8.990,00"
7791293049717,"4.493,00"
7509552902433,"4.361,40"
7509552922233,"8.490,00"
7500435191494,"15.950,00"
7794640173141,"3.949,00"
7798140257578,"6.990,00"
7500435260497,"6.290,00"
7501054541172,"18.590,00"
4005900036704,"2.829,00"
4005900359261,"11.990,00"
7793742007439,"24.559,00"
7793742008276,"27.350,00"
4005900773838,"14.349,00"
7793742007934,"17.479,00"
4005900938534,"9.690,00"
7798140253372,"14.549,00"
7793742007576,"28.114,00"
4005900713636,"20.299,00"
7798140250371,"33.649,00"
7501027232311,"34.990,00"
7790770602001,"1.289,40"
7790250097655,"4.290,00"
7791293050416,"4.365,00"
7791293050935,"4.096,00"
7891024024249,"4.266,00"
7791293045764,"5.450,00"
7509552790498,"7.074,00"
7792640006711,"9.549,00"
7891010255220,"4.690,00"
7791293049588,"6.299,00"
7501056342999,"10.168,00"
7506306249981,"5.750,00"
7794640171239,"2.390,00"
79400052919,"13.999,00"
7791293049809,"5.994,00"
7509552902884,"5.814,00"
7509552902822,"7.194,00"
7793008017394,"4.349,00"
7509552920956,"7.999,00"
7791293050492,"9.684,00"
7509552979558,"13.371,60"
7790770601882,"1.494,00"
7500435250559,"4.299,00"
7501006719932,"4.705,80"
7790740000318,"5.500,00"
7509546686912,"7.200,00"
7791293050263,"9.990,00"
7509552964417,"4.794,00"
7792640007718,"10.719,00"
7891010255282,"6.790,00"
7509552940435,"11.590,00"
7506306214989,"7.090,00"
7805000784027,"5.826,00"
70942303194,"6.749,00"
70942501248,"8.549,00"
7509552907759,"4.361,40"
7798339190051,"2.390,00"
7798420160635,"12.090,00"
7509546667577,"7.150,00"
7794640171703,"9.949,00"
7791293050430,"4.365,00"
7794218000183,"1.049,00"
7791293045986,"8.990,00"
7509552902471,"11.610,60"
7791293045962,"5.450,00"
650240051630,"10.869,00"
7798382383134,"4.585,00"
7509552840353,"4.361,40"
7509552903423,"4.361,40"
7509552903416,"4.361,40"
7509552816204,"4.794,00"
7500435147583,"8.392,50"
7500435231480,"59.990,00"
7793742007415,"17.919,00"
7506339390230,"5.875,80"
4005900957061,"34.990,00"
7790010002813,"2.749,00"
7790010002639,"3.390,00"
7790740000288,"5.500,00"
7790770602049,"6.569,40"
7509552876260,"11.610,60"
7509552902532,"4.361,40"
7891010255244,"5.599,00"
7792640001150,"9.549,00"
7509552937343,"4.794,00"
7500435241052,"15.950,00"
7794640171765,"14.690,00"
7891024034897,"1.650,00"
7798339190112,"5.749,00"
4006000196107,"4.669,00"
7509546695525,"4.890,00"
7794640170164,"2.390,00"
7791293051659,"5.990,00"
7501001163983,"5.875,80"
7509552912012,"27.029,00"
7791905024699,"3.895,00"
7790010002646,"4.590,00"
7791293050423,"4.365,00"
7509552902334,"11.610,60"
7509546053776,"4.099,00"
7791293051772,"4.493,00"
7509552791457,"4.361,40"
7798339190136,"5.749,00"
7509552964554,"4.794,00"
7500435147569,"8.392,50"
7500435159241,"5.467,50"
7793008017493,"1.190,00"
7500435243698,"9.494,00"
7791293049700,"4.493,00"
7500435228572,"28.899,00"
7794626012945,"30.990,00"
7791293051635,"5.990,00"
4005900130785,"2.829,00"
7791293050393,"4.365,00"
7509546068558,"5.349,00"
7790770602056,"5.454,00"
7509546697567,"1.379,00"
7791293051444,"8.990,00"
7791293047850,"1.643,00"
7790010003186,"14.490,00"
7791293051420,"3.690,00"
7891010257378,"4.190,00"
7790064105041,"5.890,00"
7501056344092,"10.168,00"
7793008017370,"4.349,00"
7500435202671,"5.467,50"
7509546695518,"3.289,00"
7891150049895,"3.105,00"
7509546690285,"6.799,00"
7791600050092,"9.690,00"
7790740001797,"5.490,00"
7791293050973,"1.490,00"
7791293050867,"1.590,00"
7791905004219,"3.099,00"
7792640000313,"9.549,00"
7794640173196,"8.300,00"
7791293047041,"5.700,00"
7791293049564,"4.690,00"
7798140259442,"7.890,00"
7794640171246,"2.390,00"
7791293051642,"5.990,00"
7791293051574,"6.190,00"
4006000067926,"18.590,00"
7794640173097,"4.249,00"
7891150089983,"7.090,00"
650240004643,"5.000,00"
4005900528223,"7.549,00"
7500435106382,"9.494,00"
4006000063102,"8.569,00"
7509552842319,"22.869,00"
4005900773845,"13.490,00"
4005900806161,"20.500,00"
7798140259978,"15.090,00"
7793742003004,"12.249,00"
7899706194273,"24.949,00"
7791905024682,"3.895,00"
99176369226,"6.700,00"
4005900942791,"7.990,00"
7509552923797,"18.250,00"
7509552923889,"18.250,00"
7506339315486,"18.256,00"
7791293045658,"3.690,00"
7509552917413,"19.590,00"
7791293047034,"5.700,00"
7790416066631,"3.190,00"
7500435243674,"10.200,00"
7794640171376,"2.390,00"
7791293051543,"6.190,00"
4005808257584,"2.829,00"
7791274002830,"12.919,00"
7794626013430,"1.790,00"
7790010002905,"2.449,00"
7790940216250,"3.090,00"
7790010002707,"8.790,00"
7509546679617,"8.890,00"
7791293050379,"5.700,00"
7791293041865,"3.672,00"
7891024179437,"8.590,00"
7791293049755,"3.690,00"
7891024030806,"5.390,00"
7500435202732,"8.392,50"
7500435191548,"9.125,00"
7891150089952,"7.090,00"
79400300546,"13.999,00"
7794218000190,"3.190,00"
7798140256762,"10.649,00"
7792640001945,"10.929,00"
190679000019,"15.490,00"
7794626014956,"3.249,00"
7790250097501,"5.239,00"
7794626010835,"10.659,00"
7791293022635,"4.690,00"
7791600066444,"5.550,00"
7506306255067,"5.750,00"
7500435129947,"5.962,20"
7791293046013,"6.290,00"
7791293049779,"8.990,00"
7509552902495,"11.610,60"
7792640000368,"8.349,00"
7798140257745,"7.590,00"
7791293045856,"3.690,00"
7791293045887,"3.690,00"
7791293049724,"3.690,00"
7509552920932,"7.490,00"
7798140256656,"10.649,00"
7794640173158,"6.749,00"
7500435249355,"5.467,50"
7891150026025,"2.299,00"
7898422744335,"2.890,00"
7794490630245,"2.390,00"
7891024123362,"8.090,00"
7500435106412,"9.494,00"
7891010245214,"9.639,20"
7798140259992,"13.699,00"
7793742007392,"26.239,00"
7891010976262,"10.719,20"
7798140255024,"38.790,00"
4006000067933,"35.990,00"
7790064104662,"3.790,00"
7790010002721,"4.590,00"
7702425543966,"4.990,00"
7793008018780,"7.249,00"
7798339190075,"2.390,00"
7794626012846,"30.990,00"
7501056330309,"6.311,00"
7790064105010,"5.890,00"
7790064105034,"5.890,00"
7790064105065,"5.890,00"
79400052926,"13.999,00"
7791014121906,"5.990,00"
4008600400028,"17.992,50"
7798140257721,"7.590,00"
7509552902464,"7.194,00"
7500435147507,"8.392,50"
190679000118,"15.490,00"
7794490630511,"2.390,00"
7791600022358,"6.499,00"
7793008019060,"5.749,00"
7790940234025,"3.149,00"
7790010002714,"3.390,00"
7702425543973,"4.990,00"
7791905023777,"3.289,00"
7791293051581,"6.190,00"
7791600619251,"5.550,00"
7790773008473,"4.190,00"
7794218000152,"3.190,00"
7500435144230,"14.181,00"
7509546686615,"8.490,00"
7794640173110,"8.190,00"
7798140254423,"12.090,00"
7891150025981,"6.187,00"
7793008017998,"12.490,00"
7702018072217,"11.380,00"
7791293046020,"8.990,00"
7790250040897,"15.490,00"
7509552902860,"6.233,40"
7891024136300,"5.390,00"
7891024136409,"5.390,00"
7509552836554,"4.361,40"
7798140257868,"10.649,00"
7500435235464,"6.390,00"
7798140257561,"6.990,00"
7794626013287,"36.990,00"
7891150049871,"2.590,00"
7791293051550,"6.190,00"
7791600022136,"5.990,00"
7891150055780,"3.105,00"
7798140257530,"4.549,00"
78926523,"3.099,00"
4005900954541,"28.850,00"
7798140256168,"12.290,00"
4005900470935,"17.849,00"
7798140253297,"26.590,00"
7509552912005,"27.029,00"
7509552840339,"43.990,00"
7891010882990,"18.199,20"
7891024035825,"9.990,00"
7509546697536,"1.379,00"
7791293045832,"8.990,00"
7791293049748,"8.990,00"
7791293050768,"3.379,00"
7891010257385,"3.549,00"
7798140256724,"10.649,00"
7798140257851,"10.649,00"
7798175718471,"8.349,00"
7793008017981,"10.499,00"
7794218106557,"1.049,00"
7891024130940,"5.390,00"
7509552836585,"4.361,40"
7790250042181,"22.990,00"
7798140256779,"10.649,00"
190679000088,"15.490,00"
7896015527457,"8.290,00"
7793742003776,"33.990,00"
7793742002922,"26.990,00"
4005900086426,"27.990,00"
7500435229654,"2.334,00"
70330371002,"4.690,00"
7791293050331,"5.700,00"
7798101910214,"2.569,00"
7509546686622,"5.790,00"
7798140256731,"10.649,00"
7798420160109,"10.590,00"
7891010255374,"6.649,00"
7798339190082,"2.390,00"
7794626012839,"30.990,00"
7500435229845,"6.390,00"
7500435235310,"6.390,00"
7798140256793,"7.649,00"
7793008018124,"7.900,00"
7793008018032,"17.999,00"
4005808944385,"21.490,00"
7793742004698,"18.635,00"
7702003010743,"1.199,00"
7798096051022,"1.549,00"
7798096051107,"1.549,00"
7794440080519,"1.749,00"
7791274197710,"2.472,00"
70330728509,"2.990,00"
7790064104716,"3.499,00"
7891010251024,"3.990,00"
7790250040781,"4.449,00"
7790250040798,"4.449,00"
7501086472048,"5.290,00"
7794640171697,"5.549,00"
7790940518040,"5.549,00"
7798171946502,"5.615,00"
70330734401,"5.690,00"
7790990000786,"749,40"
7794218000138,"1.049,00"
7793008017738,"7.990,00"
7500435170987,"9.990,00"
3086123549999,"10.149,00"
7501843502926,"12.890,00"
7791293047829,"2.659,00"
7794626013713,"14.250,00"
7791293050775,"3.379,00"
7791293047874,"1.399,00"
7509552899153,"17.023,50"
7791293046884,"1.603,00"
3614225108747,"17.849,00"
3614225108907,"17.849,00"
3614225108945,"17.849,00"
3614225108785,"17.849,00"
3614225108723,"17.849,00"
3614225108877,"17.849,00"
3614225108846,"17.849,00"
3614225108853,"17.849,00"
7509552923834,"18.250,00"
7509552923865,"18.250,00"
7798382383141,"4.585,00"
7798382383158,"4.585,00"
7798140257769,"7.590,00"
7798140257738,"7.590,00"
7891010255381,"9.790,00"
7791293033020,"6.990,00"
7791293033068,"6.990,00"
7791905004226,"3.099,00"
7500435249331,"13.815,75"
7792640002812,"9.149,00"
7792640004496,"9.149,00"
7792640001167,"9.149,00"
7794626012938,"21.990,00"
7792640000276,"9.149,00"
7792640000283,"9.149,00"
7791293050072,"5.599,00"
7791293046808,"3.390,00"
7509552930337,"4.794,00"
7790416018593,"4.890,00"
7790416018616,"4.890,00"
7792640007732,"10.299,00"
7500435230018,"10.200,00"
7791905023746,"3.289,00"
7790010003193,"5.400,00"
7891010255305,"6.790,00"
7793008017387,"4.149,00"
7798140251514,"12.090,00"
7798140251309,"12.090,00"
7500435230100,"6.390,00"
7500435235433,"6.390,00"
7509552923179,"7.999,00"
7798140251705,"6.490,00"
7790250042150,"32.990,00"
7509552874068,"10.000,00"
7509552877106,"10.000,00"
7798140256717,"6.790,00"
7798140256663,"6.790,00"
7798140256700,"6.790,00"
7791600022570,"5.549,00"
7798140251729,"6.990,00"
7891037744257,"3.193,00"
7798140256670,"7.349,00"
7794626013270,"36.990,00"
7804923066418,"7.529,00"
7798140256755,"7.649,00"
7798140256748,"7.649,00"
7791580005143,"7.090,00"
7792640001907,"15.490,00"
7792640001914,"15.490,00"
7798175711632,"6.749,00"
7500435237604,"46.386,00"
7500435237598,"46.386,00"
7793008017479,"1.190,00"
7798332020850,"7.290,00"
7798175718860,"7.290,00"
7798140254485,"15.449,00"
7793008018100,"12.990,00"
7798140253945,"16.090,00"
7793008017967,"9.990,00"
7702003008511,"17.490,00"
7702018913664,"8.170,20"
7793742024627,"39.990,00"
4006000016740,"24.990,00"
7798008966482,"4.299,00"
7793742003790,"26.990,00"
7798008966505,"7.555,00"
7793742004681,"19.900,00"
7793742007897,"14.450,00"
7509552911992,"27.029,00"
7798140259107,"19.290,00"
7790139101695,"2.599,00"
7793253003807,"3.490,00"
7790520997623,"6.890,00"
7790520028747,"6.000,00"
7791130001663,"4.805,00"
7790520028709,"5.089,00"
7790520025869,"5.211,00"
7794440994663,"12.749,00"
7791290794115,"4.125,00"
7790520508607,"8.190,00"
7791130001670,"4.805,00"
7797232006124,"8.590,00"
7791290792777,"3.099,00"
7793350992660,"7.790,00"
7793350000891,"4.549,00"
7790520028877,"6.000,00"
7790520025395,"7.303,00"
7790613071537,"11.700,00"
7790520024510,"5.748,00"
7790560000802,"4.289,00"
7794440003310,"890,00"
7794321550209,"3.649,00"
7794440003341,"890,00"
7793253002534,"2.109,00"
7794440994205,"4.490,00"
7791290796102,"3.225,00"
7790613071520,"11.700,00"
7790613071544,"11.700,00"
7791290794160,"2.206,50"
7790520006479,"3.890,00"
7793350992950,"4.590,00"
7791130001687,"7.657,00"
7790520026187,"1.896,00"
7790520026293,"2.818,00"
7793350000242,"10.652,00"
7790520028723,"5.089,00"
7793253007157,"990,00"
7793350102304,"4.549,00"
7793350000907,"4.549,00"
7790990003022,"2.073,50"
7791130302586,"3.498,00"
7793344902057,"1.350,00"
7790250057086,"3.350,00"
7791290795464,"3.099,00"
7790560003810,"1.090,00"
7794440003440,"1.050,00"
7790520014863,"3.550,00"
7793350995012,"22.129,00"
7790520009494,"6.372,00"
7794321019218,"2.390,00"
8901023025075,"1.790,00"
7791290792784,"3.099,00"
7790773003300,"3.500,00"
7794321882010,"2.849,00"
7794440045921,"3.090,00"
7703147350849,"1.090,00"
7790520010308,"5.729,00"
7790520026132,"5.729,00"
7790520026309,"2.818,00"
7790520028914,"2.833,00"
7794440994212,"4.490,00"
7790520010292,"5.729,00"
7794440005109,"1.600,00"
7794440003303,"999,00"
7790520998842,"2.754,00"
7790560000819,"3.490,00"
7793350000402,"7.990,00"
7793253300081,"3.274,00"
7794440002399,"1.049,00"
7790520031518,"3.169,00"
7794440994199,"4.490,00"
7794440007127,"3.900,00"
7794440017133,"4.849,00"
7790560002165,"2.290,00"
7790520031488,"3.169,00"
7790520031495,"5.799,00"
7790520028884,"6.000,00"
7790520030368,"4.829,00"
7790520010506,"6.099,00"
7791130681384,"4.390,00"
7790560003803,"1.659,00"
7791290794108,"2.550,00"
7794440007264,"12.990,00"
7790520025746,"10.579,00"
7790520028938,"2.448,00"
7790520992710,"6.099,00"
7891150000971,"5.990,00"
7790117061829,"3.347,50"
7791290795471,"5.249,00"
7793253001186,"2.300,00"
7790117061836,"3.120,00"
7791290793682,"4.428,00"
7793253003746,"1.990,00"
7793344009633,"3.119,00"
7794321802001,"3.849,00"
7798131250380,"1.150,00"
7791290792753,"5.249,00"
7790990002858,"9.999,00"
7703147350955,"849,00"
7791290792036,"13.100,00"
7798131250472,"1.690,00"
7791130003582,"1.799,00"
77958945,"5.249,00"
7793350995166,"13.349,00"
7793350000433,"7.990,00"
7794440760008,"3.949,00"
656750725580,"4.590,00"
7794440760015,"6.190,00"
7790520995360,"6.386,00"
7790990003145,"4.933,50"
7794321802018,"5.890,00"
7793253006822,"2.437,00"
7791130683784,"2.690,00"
7793253002527,"2.885,00"
7790990001851,"8.385,00"
7703147350818,"1.549,00"
7793253000523,"5.830,00"
7790520019820,"4.499,00"
7790520028969,"2.237,00"
7790520028082,"8.937,00"
7793253386160,"1.224,00"
7790990003787,"2.795,00"
7790117000200,"3.503,50"
7790990003053,"9.093,50"
7794440994229,"4.490,00"
7702626219912,"10.799,00"
7791130683791,"2.690,00"
7794440005505,"2.149,00"
7791905023203,"1.399,00"
7794440045938,"3.090,00"
7790773003010,"3.349,00"
754697468864,"4.249,00"
7791130681438,"4.390,00"
7791290793378,"4.390,00"
7794440000210,"1.249,00"
7790990001813,"1.390,00"
7790990003121,"2.073,50"
7794440007141,"5.000,00"
7794440007189,"5.700,00"
7791290793804,"3.549,00"
7790560001113,"1.090,00"
7798131250502,"4.490,00"
7794440000104,"1.190,00"
7793253000516,"4.922,00"
7798008381513,"3.390,00"
7794440007165,"9.290,00"
7790520028952,"2.990,00"
7790117000231,"5.525,00"
7790117001559,"3.490,00"
7798184581097,"1.490,00"
7790520025845,"5.173,00"
7793253000509,"2.250,00"
7794440005345,"5.749,00"
7793253004774,"2.450,00"
7791130683678,"2.450,00"
7791905023210,"2.590,00"
7794440045914,"3.090,00"
7791905000921,"3.749,00"
7790990003411,"3.243,50"
7793253092276,"1.499,00"
7798184586139,"2.294,38"
7790520996145,"4.990,00"
7790520025715,"7.181,00"
7790520998927,"9.199,00"
7798008381520,"3.390,00"
7793253007003,"3.413,00"
7790520998880,"2.815,00"
7791130681421,"4.390,00"
7793253004323,"4.290,00"
77958952,"5.249,00"
7793350995029,"17.769,00"
7790117061850,"5.590,00"
7790560001106,"859,00"
7791290796621,"11.900,00"
7793253006792,"6.098,00"
7790613072206,"4.149,00"
7791290792951,"5.398,00"
7791290796669,"2.049,00"
7791290793453,"1.790,00"
7790520028945,"1.899,00"
7791290796645,"3.690,00"
7790520996237,"8.763,00"
7794440101702,"2.599,00"
7791070000412,"3.349,00"
4023103147737,"109.000,00"
7794321801226,"2.349,00"
7794440006564,"8.449,00"
7790560001762,"19.990,00"
7793253170615,"6.297,00"
7798131250038,"2.599,00"
7794321882003,"2.990,00"
7790117061997,"7.143,50"
7791290796683,"3.269,00"
7790520028921,"2.833,00"
7791290792012,"3.779,00"
7793253005238,"2.453,00"
7794440007301,"10.949,00"
7790520019851,"4.499,00"
7790520999573,"19.500,00"
7790520025777,"10.579,00"
7791290795570,"3.217,50"
7790990003275,"4.088,50"
7791130681391,"4.390,00"
7790560001076,"1.199,00"
7793253401030,"3.897,00"
7790520019868,"4.499,00"
7790117061300,"1.884,35"
7794440000203,"9.449,00"
7798184581738,"1.490,00"
7891150091979,"5.990,00"
7790250057765,"1.990,00"
7793253000349,"1.599,00"
7798131250724,"2.199,00"
7793253003944,"2.590,00"
7790520993045,"6.757,00"
7790520020819,"6.099,00"
7793253002299,"8.489,00"
7790520999498,"19.990,00"
7791130963411,"7.435,00"
7791905024927,"6.849,00"
7790520018618,"2.521,00"
7798184581059,"1.729,00"
7791130002271,"1.721,85"
7794440005116,"4.449,00"
7791130963312,"15.858,00"
7798131250427,"2.250,00"
7794321801189,"6.200,00"
7791290793460,"3.292,00"
7791905004486,"3.499,00"
7798184581578,"549,00"
7791290791954,"13.981,00"
7791828900056,"4.949,00"
7501058766540,"9.259,00"
7790520996169,"4.990,00"
7791130683876,"11.825,00"
7791290795594,"3.217,50"
7793253003234,"2.922,00"
7790520025722,"15.900,00"
7798131250205,"1.399,00"
7791905023845,"1.749,00"
7790520996473,"4.950,00"
7790520028044,"4.350,00"
7790520995667,"5.874,00"
7791290794290,"2.239,00"
7794440760039,"8.790,00"
7791130963497,"3.979,00"
7790520029553,"6.049,00"
7798131250199,"1.399,00"
7790990001776,"2.390,00"
7791130683685,"2.450,00"
7793253003265,"4.161,00"
7891035040276,"1.894,75"
7791905004400,"1.945,00"
7791290793361,"3.290,00"
7794440007059,"8.690,00"
7793253007249,"2.490,00"
7793253004248,"4.290,00"
7790520995988,"7.490,00"
7790520996015,"7.490,00"
7790520029539,"7.490,00"
7790520029577,"6.049,00"
7793253001551,"8.489,00"
7790520999528,"12.675,00"
7790520031556,"12.675,00"
7791290795662,"2.992,50"
7794321801172,"4.490,00"
7791130001762,"1.943,50"
7790520995605,"6.579,00"
7793253038526,"2.049,00"
7791130683852,"11.825,00"
7790520995650,"4.195,00"
7791199002526,"3.990,00"
7791274200274,"4.190,00"
7793253003500,"2.590,00"
7793253003548,"2.590,00"
7793253004262,"4.290,00"
7790520996039,"7.490,00"
7790520995964,"6.049,00"
7790520997708,"29.990,00"
7790520996220,"4.990,00"
7790250056980,"6.590,00"
7790520996466,"4.950,00"
7798008381506,"3.390,00"
7791905004363,"1.945,00"
7793253007140,"5.723,00"
7791290795808,"2.523,00"
7794440006502,"10.949,00"
7791290793583,"6.489,00"
7793253007010,"2.343,00"
7798131250595,"4.268,00"
7790520999320,"2.798,00"
7791290795617,"3.217,50"
7791290796393,"3.761,00"
7790520027023,"10.700,00"
7790990002278,"1.669,00"
7891150091986,"5.990,00"
7702626214832,"6.493,50"
7793253007102,"3.225,00"
7798131250731,"2.199,00"
7790990003046,"4.933,50"
7791130963428,"7.435,00"
7793253005481,"9.290,00"
7791905023197,"5.345,00"
7791130065832,"28.990,00"
7790520999535,"12.675,00"
7793253003463,"4.590,00"
7793253003456,"2.590,00"
7791905003366,"11.990,00"
7790990002926,"3.279,00"
7793253005313,"2.344,00"
4023103200982,"5.990,00"
7500435160070,"15.757,00"
7791905023890,"1.749,00"
7793253003524,"10.490,00"
7790520996428,"2.849,00"
7790520028631,"6.076,00"
7798184581332,"1.490,00"
7793253003241,"4.161,00"
7500435243612,"4.100,00"
7506195143858,"8.899,00"
7790520996381,"2.849,00"
7794440007172,"4.990,00"
7793253007126,"5.249,00"
7790520992574,"5.999,00"
7791290796416,"13.300,00"
7790520996008,"7.490,00"
7790520996053,"7.490,00"
7790520998958,"5.427,00"
7793253003470,"2.590,00"
7793253004729,"3.150,00"
7790520028433,"3.550,00"
7790990002964,"3.990,00"
7791130963329,"2.250,00"
7793253005283,"2.290,00"
7790520024947,"2.650,00"
7791290794306,"3.579,00"
7501058753441,"2.008,50"
7500435252935,"5.900,00"
7790520028426,"3.550,00"
7790520031501,"5.799,00"
7790900019105,"74.900,00"
7791290795297,"6.729,00"
7791290796478,"8.190,00"
7791828000428,"1.990,00"
7790520028440,"6.156,00"
656750749296,"7.549,00"
7506195143834,"4.100,00"
7790520997432,"11.419,00"
7790613071087,"4.749,00"
7790613071100,"4.749,00"
7793253004255,"4.290,00"
7791905004134,"4.990,00"
7790520996022,"7.490,00"
7791199003028,"5.690,00"
7790520999511,"12.675,00"
7791290795754,"1.755,00"
7790520989932,"4.599,00"
7793253001162,"6.449,00"
7790520031914,"10.529,00"
7790520028419,"3.550,00"
7790117000033,"4.543,50"
7793253003425,"5.558,00"
7791290795280,"3.690,00"
7798008381537,"3.390,00"
7791130001212,"4.212,00"
7791290794276,"2.239,00"
7793253003579,"2.590,00"
7790520028464,"6.156,00"
7791828000442,"3.790,00"
7790520024954,"2.650,00"
7791290795846,"4.549,00"
7793253003272,"4.449,00"
7500435159999,"8.899,00"
7791905004141,"5.345,00"
7790520996138,"7.799,00"
7798131250212,"1.399,00"
7791905023951,"1.749,00"
7791905004387,"1.945,00"
7790520018656,"3.899,00"
7790520995384,"9.925,00"
7790520009746,"10.400,00"
7793253003296,"4.449,00"
7791274200915,"3.990,00"
7793253000905,"2.388,00"
7790520996435,"2.849,00"
7791290792067,"1.952,00"
7793253003258,"2.922,00"
7798184582292,"1.039,00"
7793253098803,"5.150,00"
7791290796546,"14.200,00"
7793253099060,"6.695,00"
7798184581554,"549,00"
7793253003289,"4.449,00"
7790520995971,"6.049,00"
7791130962230,"4.913,00"
7791290792159,"12.690,00"
7791290792081,"3.650,00"
7806810001717,"4.690,00"
7790520998903,"4.290,00"
7791290792098,"1.952,00"
7794440740031,"7.690,00"
7794440007042,"8.549,00"
7791290796539,"6.489,00"
7790520995438,"7.690,00"
7702626204178,"7.636,85"
7791290794283,"3.585,00"
7791290795020,"8.990,00"
7793253002565,"9.799,00"
7793253003593,"10.490,00"
7790250023845,"2.715,00"
7791290796577,"3.650,00"
7798279510544,"8.729,00"
7793253007072,"9.650,00"
7791130962254,"4.913,00"
7794321001770,"3.849,00"
7791290792104,"12.690,00"
7790520029096,"2.949,00"
7793253098711,"5.150,00"
7790117061843,"4.998,50"
7791290796584,"12.690,00"
7790990999868,"2.719,00"
7806810013031,"7.247,00"
7793253098766,"5.150,00"
7793253002589,"9.799,00"
7790520986160,"7.990,00"
7896001004870,"979,00"
7896001004528,"1.119,00"
7793253385712,"1.699,00"
7790117001856,"1.790,00"
7793253003951,"4.590,00"
7790520996497,"4.950,00"
7896001000742,"3.599,00"
7790990002230,"2.999,00"
7794321550018,"4.121,00"
7896001012516,"4.990,00"
7790900002657,"5.145,00"
7896001002500,"5.299,00"
656750749289,"5.549,00"
754697468918,"6.189,00"
7794321801196,"6.190,00"
7790117061973,"6.493,50"
7896001001268,"6.749,00"
7896001001671,"7.449,00"
7791290794313,"2.239,00"
7896001001008,"8.490,00"
7790520993090,"7.441,00"
7794321550032,"9.749,00"
7791290792760,"5.249,00"
7793253003050,"5.097,00"
7798184582391,"7.490,00"
7793253007065,"2.999,00"
7793350992677,"6.499,00"
4058075776401,"1.939,00"
4058075776593,"3.929,00"
7791190003706,"1.190,00"
4058075776531,"2.869,00"
4058075776432,"1.939,00"
7790773034014,"749,00"
7790773034021,"1.590,00"
4058075776555,"2.869,00"
4058075776579,"3.929,00"
7791190003690,"2.239,00"
7790590016477,"1.490,00"
7790773034915,"1.690,00"
7792281409032,"4.990,00"
7790590016484,"2.199,00"
7795245073669,"9.610,00"
7808718510551,"10.223,00"
6001298008123,"5.289,00"
7806810221009,"9.100,00"
7806810200028,"17.669,00"
7790773034502,"1.700,00"
7797453971843,"4.990,00"
4058075776456,"2.249,00"
7806810209670,"8.500,00"
3270220000167,"2.350,00"
7797453000406,"1.459,00"
7791416001318,"2.917,50"
7791416001257,"5.385,00"
8445290057433,"8.590,00"
7797453971836,"2.620,00"
3154144642101,"1.680,00"
7797453972291,"7.150,00"
7891155040958,"4.690,00"
7501030666998,"4.440,00"
7791762255205,"4.990,00"
7798103300235,"33.990,00"
7791416072097,"2.280,00"
3154144644105,"2.670,00"
3154148627128,"2.990,00"
7797453001571,"14.579,00"
7794757271013,"2.060,00"
7791416078112,"900,00"
8445290068705,"20.750,00"
7791416066836,"11.880,00"
7797453973090,"8.899,00"
7792216210498,"1.999,20"
3154148454694,"7.000,00"
7791416066331,"3.412,50"
7797453001526,"7.549,00"
7797453972345,"7.150,00"
7797453972390,"7.150,00"
7791231160009,"5.818,00"
7790900006617,"2.149,00"
7794757260819,"5.190,00"
8445290070647,"23.700,00"
7501030682332,"2.858,00"
7795245683394,"2.648,00"
3154148610113,"2.960,00"
8445290584984,"5.440,00"
8445290926722,"5.980,00"
7797453971706,"4.479,00"
7791416960127,"6.450,00"
8445290585004,"15.440,00"
7794757272010,"4.320,00"
7891000115619,"1.750,00"
7797453972499,"34.990,00"
7797453001564,"7.100,00"
7797453972406,"21.849,00"
7791416078518,"4.340,00"
7792216211235,"2.520,00"
3154148616009,"4.310,00"
7796988003029,"4.659,00"
7794757260017,"3.890,00"
7891155040903,"4.990,00"
7703486037487,"3.871,00"
7891000115695,"1.750,00"
7790900011246,"1.290,00"
7797453971751,"4.479,00"
3154142427939,"1.750,00"
7790900001155,"2.390,00"
7808718510674,"2.750,00"
7795513077832,"3.940,00"
7797453972505,"36.980,00"
7793015001041,"14.158,00"
7797453971799,"890,00"
7891155078944,"6.199,00"
7806810210010,"8.990,00"
7792216856658,"12.000,00"
3154140379100,"3.350,00"
7798093912135,"3.690,00"
7501037600018,"3.702,00"
7501843504197,"3.990,00"
7791762814686,"5.690,00"
4058075780477,"8.490,00"
7792216856641,"10.392,00"
7791190000088,"3.449,00"
