ean,codigo_interno_coope
7790360967824,707432
7790070036223,713412
7790360967794,707594
7790070036032,713426
7790670052371,714711
7790070036179,714935
7790360966841,928496
7790360026590,706050
7790360026606,252663
7790670050667,250099
7790670050674,250093
7790360967701,706994
7790670050612,250095
7790670050728,250092
7790360966797,700870
7790670050780,253706
7790670052289,713339
7790360026682,713099
7790670050605,250098
7790670052265,712776
7790360967404,706462
7790360967763,707429
7790670051312,710321
7790670051329,710319
7790670051336,710320
7790070036261,710724
7792180142122,714863
7790070035950,713315
7790070034410,713419
7790070036148,713319
7790360967558,706581
7790360971135,709637
7891515571351,712158
7891515547059,710745
7790079019692,225572
7790079019708,225573
7891515547066,710607
7790079020773,705661
7797906000700,703502
7790070036278,233708
7797906054826,714419
7797906054819,714421
7797906054864,714422
7790070036292,233702
7790070036308,233701
7797906054857,715177
7790070036384,752738
7790070036414,707529
7790070036391,153828
7797906054833,714420
7790079021459,706991
7790070012050,874906
7790272001029,106844
7792180001641,100006
7790272001005,102114
7790070231420,323122
7792180001665,920550
7790272000794,227075
7790060234868,112752
7790070265142,298951
7798080520077,135571
7790070231833,285026
7798080520534,280587
7790199603757,284737
7798080521760,269124
7798080521685,272476
7798080521678,272478
7790199603030,279594
7790199603054,279596
7792070001133,152236
7792070054351,294818
7798080521692,272480
7798080521739,269118
7790139000448,274473
7790139003418,437996
7790139101640,296275
7790139101466,290582
7792900000251,180849
7790139004941,288825
7790139101763,296274
7790150564844,288895
7790150570180,286088
7790150435380,287747
7790150411391,287901
7794000006140,290478
7790150497081,286615
7794000006133,290479
7790150532706,286784
7790150420331,287902
7790150470350,286607
7790150480243,286609
7790150440360,287760
7794000006119,290480
7790150406953,286604
7790150465479,294501
7790150490471,286611
7790150545287,287900
7790580135737,292295
7790150570371,286089
7790150540336,286086
7790150532607,286783
7790150532508,286782
7790150532300,286780
7790150436080,287904
7790150531181,290295
7790150573280,287759
7790150535394,288893
7790598091742,190906
7790598091162,226286
7790598015090,126551
7793360124945,278336
7790150497272,286616
7790598000010,154369
7790580136734,292292
7790598000133,108596
7790598000140,108618
7790598000331,114243
7790598000430,148113
7790598010064,107158
7790598010217,130753
7790598012136,130761
7790598021701,187844
7796373112701,259126
7891132001705,316960
7791866001203,136239
7794000006072,289525
7791866001364,851019
7794000006058,289526
7791866003283,101663
7798146138178,275049
7794000006553,293230
7791620187662,312596
7792180142009,310233
7790580135454,290441
7790580135430,290439
7798146138857,294358
7791866004211,199120
7791620187686,312597
7794000004917,285901
7794000004887,285896
7792900990699,322564
7794000004924,285902
7790150432440,286961
7790150431443,287749
7790150437803,285508
7794000004931,285903
7790150433430,285514
7790150438305,287009
7891132012015,316953
7891132011018,316952
7791004000099,179051
7791004000839,280580
7790072001014,109681
7791004000051,179060
7793433000497,100774
7791004000822,280581
7790150550465,286962
77956262,136328
7792900000428,186021
7792900092683,103262
7792900000138,880523
7790598000355,110981
7790580136239,292294
7790580136116,294792
7790150556740,294505
7790580136079,292279
7790598012600,131040
7790598012617,131024
7794000006164,292719
7791866000480,199119
7791620187693,312593
7790150445365,286606
7792900990774,322359
7798146139045,285264
7798146139229,322562
7791620187716,312600
7798146139052,285265
7793360123474,275504
7790580136215,292298
7790150445396,286620
7792900990705,322565
7796373002934,267312
7798146139038,285262
7891132001675,316956
7891132001682,316958
7798146138963,285258
7891132001699,316959
7891132001668,316957
7792900093246,125248
7790139003173,696239
7792900092980,125250
7790139003166,437502
7790139101183,294222
7792900093024,110390
7790139101145,294219
7790070431486,309232
7791120031557,145157
7790070431448,312233
7790070431493,309233
7790503000081,195768
7790503199112,290916
7791120098888,265520
7790503000265,265665
7790503199105,290917
7792180139573,298785
7790070432254,309951
7790070432261,309950
7798334587030,295945
7798334587078,295978
7798334587061,295946
7798334587009,295977
7790070321565,291347
7793433000640,274034
7793433000688,274044
7790150611074,287906
7793433000671,274036
7792750000937,101613
7790580131364,290487
7793360129940,282060
7793360129957,282061
7891167831100,101130
7891167831117,101131
7790748266204,100943
7790748266167,100862
7798262020043,309738
7798262020104,309740
7798132920435,284729
7790360720382,139130
7790360720115,139190
7796953511153,704306
7796953304120,757179
7790360720122,117137
7790360965127,160512
7796953301129,757144
7790580567903,854964
7794940000536,102235
7794940000550,153512
7792540293754,273972
7792540294607,277478
8445290559975,299265
7790170903692,288887
7790170903654,288885
7790150080825,288882
8445291082212,310695
7790150100783,286078
7613036312752,271510
7790150101476,286080
7790150100462,286076
7790150100806,286375
7891000108819,242409
7790150161227,287922
7790550011290,286528
7613035379213,259524
7790150161401,287928
7790070933645,227139
7790150110386,289594
7791118000503,240361
7790550000157,101079
7790150006320,285074
7790550022456,293917
7798169802681,285748
7790787153664,101495
7798067031275,290498
7794940000857,259158
7790490998019,285000
7794940000765,248591
7792129004559,282535
7799086000266,290040
7622201761288,226274
7790040142985,309274
7622300829728,219280
7790040139657,292473
7790040139930,294180
7622201808860,283897
7891000379073,299969
7790040139176,294176
7622201735319,286194
7891962032306,163757
7790040133242,282679
7790263119665,294364
7798181511004,308704
7793450000364,453457
7798125811023,295927
7798126070931,281293
7790040132955,282355
7795735000328,931241
7795735000342,931268
7790040377707,147902
7792200000777,873381
7792180006455,250602
7798125810521,708071
7793360131554,287692
7792260639689,112616
7793046008477,129753
7790387800142,283925
7790150240175,291045
7790150250150,291047
7790150360262,283866
7790150331088,283867
7790150250525,291592
7790170924642,286366
7790150350171,283868
7792280000360,103361
7790387800159,283926
7790150240427,298043
7790170926646,286368
7790387800173,286955
7790150250327,194183
7790387800203,294878
7792710000182,212169
7793704000928,281332
7793704000881,274292
7790710334603,285499
7790070509109,288789
7790387800197,294877
7792280005686,288177
7792280005693,288186
7790387014617,284479
7790710334535,285492
7790387015317,280974
7790387014624,280973
7790411001514,220870
7790387014143,288867
7790710334597,233036
7790387013498,282143
7790070418203,284535
7622300202859,163312
77961815,243390
77971630,282560
77953537,263929
77969088,282573
7792860007963,215726
7790580199913,155035
7622210745620,271351
7790580607418,178542
7622201812744,284436
7790580033408,172994
7790580105013,244925
7790580132958,312467
7790070336361,296575
7790070320025,242053
7790199000020,939048
7790199000051,276234
7799037060332,294866
7792180136657,281075
7792180004901,220014
7790070317452,192378
7799037145145,294867
7793890259025,713285
7793890258998,713283
7793890259087,713492
7891962060453,281040
7793890259605,714497
7891962060460,281041
7790071070134,309639
7790199604198,296320
7790199604181,296319
7792180139610,286731
7622201819699,296338
7622201820473,296343
7790070431318,294755
7790070431332,294757
7622201706029,296331
7622201704643,296321
7622201705107,296326
7898024394181,131673
7790580131487,284493
7792180009074,706006
7790580134327,284489
7898024395232,238672
7790580133344,285108
7790580131470,284494
7790150460474,287746
7790580133641,284490
7622201705480,296332
736684208738,285890
7798151953377,299113
7794520869010,294768
7798151953131,292986
7790310985526,299346
7790310985465,299335
7790310985434,299338
7790310983553,313850
7794000006911,294596
7794000005839,289560
7794000005822,289559
7794000006928,294589
7794000005853,289561
7790150440131,290298
7790150440483,290296
8445290702234,299263
7795323002420,238840
7795323775225,714316
7790010002943,186618
7500435228770,307799
7500435228763,307798
7794626012952,307898
7790250042082,309750
7790250042068,309748
7790250042075,309749
7794626012945,307897
7794626012846,307896
7794626012839,307895
7500435228572,307791
7794626013270,308050
7794626012914,311965
7794626013287,308051
7794626013294,308052
7794626013386,307370
7794626013300,308053
7790250042051,309747
7790250040798,310943
7794626012938,308054
7790250040774,310941
7790250040781,310942
7794626013362,307371
7798350081260,307365
7798350081284,307364
7798350082328,307363
7790064104808,305591
7794626011023,305875
7891010251024,304907
4015400763697,306448
7891010247324,304707
7794626011092,305877
7891010568771,233212
7794626011047,305876
7891136057029,217463
7790950000160,110728
7790950140859,282958
7790950134100,266603
7790950202816,238706
7791200000619,266606
7790950202823,238707
7792410779357,310045
7790950610574,270190
7790290001179,111333
7790290101602,118460
7790290101459,279246
7792410523165,293028
7790290101473,278547
7790139002879,157174
7792410532426,296743
7790290101527,280858
7792410522717,284925
7792410532181,296746
5000281015248,285548
5000267014005,199230
763571806012,317263
5000267024011,191655
724751009876,317262
80432402931,290689
5000299618417,280894
7791250002243,997546
7891050004741,296744
7501035010109,169978
7312040017683,295362
5010106113073,290665
7792410523806,296747
5011007003005,290663
7312040350056,296733
7790290101657,286329
7791250003097,290725
736684265243,287007
7792410532167,296745
5000291023462,285549
7792410527903,945986
7792410527880,296748
7791200200583,266611
7791200200606,281767
7792410533102,310044
7792798012770,293951
5000267165806,313140
897076002010,284267
7792410008105,112453
7792410504324,199927
7792410008365,135488
7792410008006,112461
7790260013065,103519
6001495062508,117963
5011013100132,109967
7790260013300,170801
7792410008051,102792
7790260016011,138819
7794068000142,442987
7794068001057,442988
7794068000111,255925
7790260002076,109347
7792410134729,231414
7790260013287,103497
7790260013256,152618
7792410008259,104086
5000281003160,102768
7792798003709,874140
7792798007387,254034
7792798010561,104971
7793147001025,311056
7792798003716,130039
7793147570743,274468
7793147009137,153488
7792798007493,254040
7792798007400,254036
7793147000899,309173
7792798010578,103844
7792798002399,275349
7792798002115,271778
7792798992317,272770
7792798010882,286453
7793147001056,262097
7792798002351,275348
7802100003270,311044
7792798013678,298910
7792798002122,271781
7792798002757,276101
7792798001316,266266
7793147118860,309177
7793147571689,311048
7793147000752,309160
7793147009199,309172
7793147572723,309163
7792798001972,269513
7793147001742,266567
7792798013487,309344
7792798009107,280553
7792798001965,272974
7793147118822,311490
7793147570927,311045
7792798005888,851132
7792798012923,150380
7792798010615,265803
7792798013388,298863
7793147570866,697282
7793147572846,309170
7802107000876,311038
7792798999866,271782
7792798010639,280603
7792798002320,272769
7798074864910,299947
7790717152026,142388
7790975000046,156167
7790975000022,144991
7790975000152,111155
7791560040126,127439
7790975198613,283378
7790975198675,283400
7790975198699,283411
7791560132838,268358
7791670027604,309136
7790975198712,283406
7791203003433,293999
7795933703236,104000
7790070761019,197385
7790717001195,696446
7790975194417,157302
7791670027611,309139
7790314079726,308255
7798108834155,296540
7792319972224,281604
7791728247091,110260
7791843008317,234124
7790093132728,153982
7790240041880,130921
7798108834070,296769
7790070760623,309814
7790703205224,298966
7797942006957,309472
7791203003365,293995
7790314003233,291567
7798162677576,316281
7790703204982,298967
7792319972248,281606
7791203003389,293998
7798353194653,313546
7790093521782,282020
7794450090492,437089
7797942006933,309471
7791843008294,232176
7790070760562,299270
7798074865313,299937
7790703204968,298968
7790070760722,308723
7798074864798,296532
7791843023471,318072
7791728247114,290368
7791843008935,236424
7798353194721,313547
7794450000149,198732
7790240002010,175765
7790189021028,107898
7798108833950,296762
7791540049910,280741
7791843008911,236425
7794450000781,169288
7797942007046,309462
7794450088581,438414
7798123971309,317199
7790240041460,112147
7790240042092,696283
7791250000997,198830
7790704167644,437388
7798099599200,155275
7790070760821,298529
7790577001663,101717
7791250000935,198826
7790240041460,112147
7797942007022,309464
7794450090713,437613
7791540047862,245492
7792319972231,281605
7792319972774,122372
7790240094459,199756
7791250001017,198831
7791540049590,265431
7791203000142,863815
7791670027482,312415
7790240042092,696283
7794450090096,437275
7790704167637,150303
7798108834032,296770
7791670027857,319272
7791728002690,247115
7798039599420,280058
7792870019918,247099
7790168904403,311067
7790717152002,134277
7791670027857,319272
7798108834094,291054
7791540044519,199783
7798108834117,296763
7792319971111,296497
7790168904434,311068
7790168904328,309152
7790168903925,289829
7790168903833,289830
7790577039659,110594
7791728021301,437850
7794450090959,150788
7791670026645,312416
7794450941251,276076
7790577002165,109839
7790577001151,225365
7790577001151,225365
7798099592546,254667
7790240017045,178004
7798078230643,298746
7792319972712,308225
7798074864859,296535
7798051300189,151857
7791728001075,458334
7790945006771,311477
7798039590625,286542
7790805120043,132524
7790805012027,104017
7790717152019,134278
7790945006771,311477
7790805120043,132524
7790805012027,104017
7790717152019,134278
7791728001075,458334
7790975017013,870692
7798108833066,281101
7790577039949,156849
7798099592546,254667
7790577001571,850926
7790093521775,282019
7791333000029,885410
7791093000017,103446
7798051300202,151859
7790975001487,199923
7790240092011,285534
7794450004239,245199
7790189000177,103496
7798348711278,298647
7798039599246,296357
7798051300202,151859
7798107410497,263262
7798108834193,296542
7798123970296,317202
7798141877058,268783
7790577000024,103560
7790577002424,110593
7794450008275,442073
7794450008282,442074
7790577039987,156851
7790577041515,251279
7798078238021,267601
7798078238038,267602
7798078238120,299809
7790945007051,311485
7790945006849,311482
7798108833080,281102
7798162670706,316276
7790314010200,262891
7798162671673,316278
7798162670713,316275
7791843023495,318062
7790577039628,134646
7798162671864,316282
7798162679747,316283
7792319972675,299675
7794450000972,312442
7798159560232,319083
7790950128444,221636
7790950133288,250569
7790950133325,250563
7790950003420,150377
7790950128468,221637
7790950133257,250567
7790950141610,282532
7790950133271,250527
7790950001969,127426
7790950133356,250566
7790950133332,250564
7790950135992,267213
7790950003444,102178
7790950139273,281626
7790950003437,102177
7790950141030,282533
7799155000197,311061
7792931000039,132870
7792799000097,122688
7799155000135,309827
7795930000550,269099
7790315000149,177588
7798062547559,995215
7792931000015,171460
7795930000543,267315
7790895003882,228519
7792799000059,107492
7790895647642,286312
7790895647666,286313
7792931000022,190535
7792799000905,222095
7792799000899,222214
7791813421603,117160
7791813421917,185570
7791813423591,146961
7791813423911,185571
7790315000880,258690
7790895003288,216456
7798062548686,100861
7798062540291,147534
7798062541014,175958
7790895640490,141770
7798062540284,147533
7798062548709,103712
7798062548679,100826
7798062548648,105966
7798062540253,147009
7790315000934,270568
7790315001085,223196
7790315001054,223195
7790315001047,223194
7790315000910,270566
7790895000232,103764
7790895000782,191116
7790895000218,117838
7790895067532,113702
7790895067617,133673
7790895643286,294312
7790895067556,113501
7790895067587,290036
7790895006418,933112
7790895000430,109436
7790895005374,102406
7790895005312,106024
7790895068164,147723
7790895000447,142492
7790895000829,191124
7790895000225,117897
7791813777021,124672
7790895064128,108224
7790895064173,101347
7790895006111,103337
7790895000331,117978
7790895002304,162356
7790895002601,696488
7791813423157,873594
7790895010095,271823
7790895010088,259164
7791813421382,179574
7790895010064,259259
7790895003202,275343
7790895006715,126616
7791813800774,280825
7790895648571,299035
7791813421368,105589
7790895006104,234115
7792170110704,177050
7792170110575,160618
7790895641183,184991
7790895006029,234138
7792170042005,113177
7792170042258,116385
7792170110568,160617
7792170042029,259609
7622201703080,284852
7622201735340,294291
7790580129965,286548
7622201702656,293975
7622201703110,293972
7622201735685,284372
7622201703141,293971
7622201735746,294294
7622201705992,284869
7622201735777,294295
7622201735715,294293
7622201735371,284371
7622201705961,294290
7622201702717,293969
7790580132774,286544
7622201745707,294296
7790895647123,118526
7790895643866,272942
7798290580120,698022
7790895643842,244994
7790895641800,232908
7790895643835,272940
7790895000737,171163
7798290580090,698021
7790895009815,264088
7790895009846,265615
7798324540038,286337
7790895641534,232911
7798161722253,287617
7798324540052,295359
7798324540069,295360
7798324540083,295357
7798324540076,295358
7790742141101,707566
7790742141309,707479
7798060850095,713685
7798060850101,713687
7790742141903,708938
7790742014122,714486
7790742142009,714485
7793913013443,713458
7501059240605,191287
7790742011701,707609
7794820902967,710617
7790787030132,230939
7790787949083,710277
7793913000337,186918
7791337007253,713666
7791337007260,713665
7791337008410,714795
7791337008403,714796
7790787002672,258302
7790787172566,770540
8445290900654,309661
7790742363107,714117
7790742358608,710007
7790742363206,714118
7794820903117,714705
7790742363008,713868
7790742192301,712697
7793913001822,230420
7794820903100,714703
7790787002528,770523
7791620187778,714667
7790398100088,163613
7793940052002,102956
7791620187822,714661
7793940054006,709115
7798060850026,707649
7791620187761,714665
7791620187808,714660
7798060850019,713237
7791620187839,714662
7790398100071,135722
7794990879557,163614
7790787960668,715133
7791620187815,714663
7791620187754,714668
7798060852044,716814
7798060853041,714882
7798344910279,706550
7798344910286,706551
7791337008458,714793
7791337008106,714785
7791337008113,714766
7791337008472,714823
7793913013450,713470
7793913013474,713471
7790787087204,704310
7790787087181,700930
7798001562261,717496
7798114470057,717565
7793913001662,196639
7798114470231,717573
7790742324009,713604
7794990879656,163617
7798060853003,713677
7798060852990,713681
7798060852945,713151
7794990878925,704929
7790742373205,710152
7790742324108,713605
7790742373304,710153
7790742373908,710233
7791337061361,714609
7791337061385,714579
7791337061422,714580
7791337061439,714587
7790742321701,710144
7790742321800,710145
7794990878932,704930
7798060853034,713682
7791564012488,725625
7791564012495,725633
7791564013355,785814
7794820903063,714843
7798060852822,712810
7794990879663,163618
7791564012501,725641
7793913013627,713824
7794990878888,704927
7798060853010,713683
7790244941605,715022
7793913013610,713823
7793913013726,714116
7793913013719,714115
7794990879823,190574
7794990000012,157229
7790244941582,715021
7793913013634,713825
7793913013412,714599
7793913001013,155315
7793913013207,710684
7798060853072,714840
7793913013641,713826
7798060853096,714841
7794990879526,122054
7793913013214,710683
7791337008229,714583
7791337008243,714582
7794820903056,714647
7791337007185,714164
7791337007192,714355
7794820902899,714370
7794820902714,713653
7794820902264,710943
7794820902257,711221
7793913013603,713462
7793913013573,713461
7790742665027,714913
7794820902905,714371
7793913013580,713460
7790787960552,714686
7791337008267,714586
7793913013375,715137
7794820902240,711220
7790787960569,714687
7790787960521,714683
7790787960538,714684
7790787960514,714681
7798136870675,714756
7798136870682,717114
7793913013757,714560
7793913013771,714563
7798136870613,714752
7790787960477,714549
7794820902844,714468
7793913013788,714559
7794820902837,714469
7793913013795,714561
7793913013764,714562
7794820902165,711230
7793913013252,710781
7790787110551,701681
7790787960330,714552
7793913013702,714111
7794820902813,714649
7798136870705,714761
7790787035007,714551
7791337007628,714214
7791337007611,714215
7791337007864,713453
7791337008212,714708
7793913013566,713468
7794820902806,714467
7798136870545,714749
7794820902790,714466
7791337007345,714199
7798136870606,717112
7791337007604,714252
7791337007598,714253
7791337007161,714263
7793913013689,716439
7793913013542,713467
7790787960453,714546
7790787960446,714547
7790787110520,947520
7790787110513,947512
7790787004478,707551
7790813150131,111900
7790813900989,134933
7790813110401,700584
7790813444469,700059
7798018851211,708975
7798018850566,137463
7790079022111,710231
7790079021374,710235
7794440994663,295176
7797232006124,144979
7790773003010,102301
7794321882010,274064
7790560002165,315026
7790773003300,102303
7790900002657,199336
7794440017133,227300
7794440007042,154595
656750725580,284926
656750749289,282398
7896001001671,284702
7790560001762,312799
7794440007059,154596
754697468918,282400
656750749296,322142
7896001001008,284704
7794440994205,284699
7794440994212,284698
7793253092276,191974
7794440994199,284701
7794440003341,144149
7794440000210,237275
7793253038526,166060
7793253386160,437475
7794440045921,353957
7794440002399,134066
7794440045938,353965
7794440045914,353949
7793253000349,223169
7794440003440,275030
7793253385712,129607
7794440000104,195470
7794440003303,861820
7794440003310,108057
7794440994229,316650
7896001004528,284719
7896001004870,310848
7798008381513,194774
754697468826,282401
7790560001113,135536
7798008381506,194773
7798008381520,194775
7798008381537,243835
7793253000523,254409
7794440005109,952648
7793253000509,232331
7794440005116,247575
7794440005345,878316
7791290792951,309292
7790560000802,445737
7790560003803,150273
7793253000516,232330
7794440000203,237276
7896001012516,310850
7794440007189,222303
7896001001268,284707
7798184586139,318293
754697468864,322155
7798184581677,299000
7790520996015,286386
7793253004248,282613
7790520995971,286382
7790520995964,286381
7790520996138,286458
7793253004262,282615
7790520996169,286461
7790520996077,286391
7790520996053,286390
7790520996237,286403
7790520995988,286383
7790520019820,261985
7793253004323,283119
7790520996008,286385
7793253002299,264188
7790520996022,290608
7790520997708,291715
7790520019868,261987
7790520999535,299478
7793253004255,282614
7790520999498,299476
7790520999528,314604
7790520996220,290611
7790520019851,261986
7790520996145,286459
7790520019851,261986
7790520996145,286459
7790520996039,286387
7790520999573,299475
7790520999511,299477
7793253001551,254502
7793253170622,223602
7501058766540,319269
7791905004134,311888
7791905004141,311887
7791905023197,311889
7793253005054,286297
7793253005238,287314
7790520995308,250822
7790520996961,299483
7790520989932,286332
7793253004729,284922
7790520997654,293967
7790520025777,308967
7790520986160,104898
7790520025746,308970
7790520025869,299484
7790520997623,291723
7790520508607,165285
7790520995360,282587
7790520009746,233481
7790520025845,308966
7790520997432,287596
7790520025715,291087
7790520025722,308969
7790520009494,233487
7790520025395,292530
7790520998958,294019
7791274200274,315336
7793253003807,286412
7798184581059,266598
7793253002589,266621
7790132098459,139874
7793253003715,282762
7798131250380,299266
7793253003234,279930
7793253003746,282763
7791905023203,311857
7791905023210,311858
7791905003663,311862
7798131250502,299268
7790117000231,176508
7790117000200,176478
6001298008123,205240
7790117061843,284321
7790117061836,284341
7790117061850,284322
7794321801172,275851
7794321550209,256888
7790117000033,104574
7790117061300,278501
7790117061829,281259
7794321001770,256892
7794321801196,275853
7791290794108,289629
7791290794054,289628
7791290794115,289632
7791290794061,289631
7791290794078,316435
7791290794276,296508
7805000321970,292185
7798131250472,279988
7790990999868,284425
7791130963312,322437
7790773034014,213447
7790773034915,213448
7790900006617,276325
7790773034021,213443
7790773034502,213450
7790520998927,291645
7791130002752,258943
7791290794221,289622
7790520998842,288855
7791290793804,308670
7791290793378,309422
7791290793781,308669
7793253005313,287312
7793253003579,282253
7790520998903,290551
7790520998880,290552
7790520010308,245469
7791905004387,311872
7793253003593,282255
7790520018618,249158
7790520018656,239055
7794440007127,222304
7791905004363,311874
7791190000088,279763
7791130001212,114028
7896001002500,284712
7791290793460,294327
7791290793453,294326
7790990001813,292431
7790990001776,292434
7791290792104,290062
7790990002230,298687
7791290793545,292989
7791290792159,290065
7791290792081,290061
7791290795020,299958
7790990002278,298686
7791290792067,290058
7791290792098,290060
7791290792036,290069
7791290792012,290067
7791290794290,296507
7791290794306,296506
7791290794283,299465
7791130001649,266879
7798131250519,282578
7791290794313,296509
7790990001851,299538
7791290795280,308666
7798131250427,279998
7791905003366,311878
7791290795297,308667
7793253003272,280803
7793253098766,141463
7793253003050,280928
7793253099060,163462
7793253003289,280805
7793253003296,280806
7793253098803,141460
7793253098711,166058
7793253003241,279929
7793253401030,225820
7793253001186,239347
7793253004774,284918
7798279510544,282125
7791130002240,244630
7501058753441,193457
7793253003258,279931
7793253003265,279711
7793253001162,239346
7702626214832,265337
7891035040276,271342
7791130001762,231066
7791130002271,244629
7793253003425,282595
7793253002565,266623
7891150000971,294328
7791290793682,294337
7791290793583,294329
7506195143834,277602
7791290793675,294338
7791290793576,294331
7798131250038,436547
7506195143858,284985
7791905000921,311884
7790520006479,265541
7790520992574,286405
7791130681391,244506
7793253005283,287313
7791130681421,246809
7791130681438,246810
7791905004400,311873
7790520010285,245467
7793253300081,117528
7790520010292,245468
7790520014863,253809
7793253002534,254413
7790520024510,271436
7790520020819,260179
7790520010506,239060
7790520992710,280918
7793253002527,254412
7791130003582,265340
7791130001687,231075
7793350000907,266853
7793350000402,178938
7793350102304,266627
7793350000891,178937
77958945,927910
7793350992950,162412
77958952,927929
7793350000433,178940
7790520995650,282755
7790520995605,282554
7790613071544,269428
7790613071537,269427
7790613071087,128609
7790520993090,290617
7790613071100,696434
7790613071520,269426
7790613000254,226856
7793253003548,281705
7791130683524,244477
7793253003500,281704
7791130683791,244494
7790520995667,282556
7793253003456,282602
7798184581332,276064
7790520024954,278081
7793253000905,234012
7793253003944,312732
7793253003951,282611
7791130683777,244489
7791130683784,244492
7793253004705,284923
7791130683678,244483
7793253003470,282603
7790520024947,278425
7793253003524,281708
7793253003463,282607
7791130683852,244498
7790520993045,285972
7790520993045,285972
7791290793361,292987
7798184581738,282885
7798184581554,276067
7791130683876,244500
7791130683685,244485
7798131250212,279992
7798184581097,276066
7791130683531,244479
7791130683869,244499
7791130962193,284835
7791130962254,284837
7791130962230,294025
7791290792777,291578
7791290792753,291577
7790520028709,308961
7791290792760,291581
7790520028723,308963
7791290792784,291580
7791290795471,309289
7791290795464,309288
7790250054962,312656
7790250054344,311462
7793344000456,303400
7793344904990,171787
7790250026105,308826
7791828000046,313120
7791828000657,696750
7791070000078,269955
7793344901036,104878
7793344009206,274000
7791828900377,313119
7793344009305,280875
7790250056980,240701
7793344009237,280053
7793344902057,805688
7790250023845,308823
7791828000428,313118
7793344009633,278117
7791828000442,313116
8445290057433,289674
8445290584984,299565
8445290068705,289678
8445290070647,289682
8445290585004,299566
7797453972291,277740
7797453972345,277743
7797453972406,277739
7797453000406,159405
7797453000413,185888
7797453000543,198273
7797453000550,185889
7791416066836,274128
7791416001318,130730
7797453972390,277745
7797453973090,287826
7797453971751,216528
7791416078518,280963
8445290926722,309684
7797453001564,264591
7797453001571,264592
7891000115695,274086
7797453001526,264587
7797453972499,281513
7797453971843,273621
7797453971799,273630
7791416065648,175403
7797453971836,273622
7791416001257,134479
7797453972505,285695
7791416960127,280948
7797453971706,216524
7797453971881,273623
7791293047508,306697
7791293050355,309293
7791293047515,306701
7500435202732,307965
7791293045948,307539
7509552876482,308023
7791293047522,306699
7500435230018,308240
7791293049755,309423
7509552791280,307454
7509552902341,308004
7509552922233,309655
7790740000363,306662
7509552902358,308003
7791293047072,306689
7500435229814,308244
7791293046433,307542
7791293046464,307543
7790740000318,306656
7791293045931,307538
7790740000349,306660
7791293050423,309299
7509552791457,307453
7798140257745,308175
7790740000486,306930
7791293047492,306704
7501006721317,158009
7509552902891,308007
7791293047058,306692
7791293045955,307583
7509552874099,307330
7791293045856,307532
7509552903416,312775
7509552902440,308154
7509552903423,308006
7509552920871,309654
7791293049762,309424
7509552876536,308162
7791293046013,307549
7500435106412,259309
7509552840353,306490
7791293046013,307549
7509552920871,309654
7509552903423,308006
7791293045863,307533
7509552816204,307163
7509552874068,307328
7791293047577,306713
7500435147569,304924
7798140257752,308174
7509552902433,308155
7790740001421,308259
7792640007718,310206
7509552902365,308002
7791293045979,307541
7792640001167,399256
7509552876420,308022
7500435147507,304919
7509552790160,307012
7791293046440,311767
7500435230117,307969
7792640008111,298242
7790740000325,306658
7791293027876,232197
7500435147583,305015
7790740608217,305765
7791293045962,307540
7791293045986,307546
7509552874129,307332
7791293045993,307547
7509552844405,307961
7798140256755,307252
7791293050447,309921
7509552902471,308157
7798140256731,307245
7509552876550,308024
7791293046020,307584
7798140256656,307244
7798140256793,307250
7500435106382,259303
7791293050379,309295
7798140256670,307251
7798140256779,307243
190679000118,304125
7509552836554,306492
7509552877106,307334
7790740608231,317650
7791293045887,307534
7792640000313,365092
7792640004496,310205
7793008017738,312195
7509552902860,308008
7798140256717,307253
7501006721294,158008
7798140257769,308173
7791293050577,309899
7791293050553,309897
7791293050546,309896
7891150087453,315875
7509552923162,309657
7791274196430,264810
7500435191548,307187
7509552902525,308158
7509552920956,309681
7509552902884,308027
7509552923179,309658
7791293048659,309304
7791293048642,309302
7791293048635,309301
7791293049793,309735
7509552874204,307326
7791293050492,310317
7509552902464,308159
7791293049809,309734
7791293049014,309305
7509552902822,308613
4005900399953,303782
7791293049021,309306
7509552836592,304542
7792640000368,339768
7792640001914,304146
7793008017394,310685
7509552874006,309679
7509552876437,308028
7792640001822,215761
7793008017387,310684
7793008017370,310683
7793008017455,312188
7793008017462,312191
7793008017479,312192
7793008017486,312189
7793008017493,312190
7791293047102,306698
7500435202695,307964
7500435229821,308237
7500435019880,304390
7791293045733,307562
7500435202671,307962
7791293047164,306702
7500435159210,305832
7791293045740,307563
7791293050324,309296
7509552902112,308012
7509552902327,308011
7790740000288,306654
7790740000233,306648
7791293045542,307309
7791293045665,307557
7791293045757,307585
7791293050386,309300
7791293050393,309895
7798140257714,308178
7509552859126,307455
7791293046372,307567
190679000088,304122
7509552903461,308015
7791293049731,309428
7798140257721,308177
7509552902419,308152
7500435019491,304400
7509552907759,308014
7791293046990,306715
7791293046983,306693
7791293049724,309426
7509552874105,307331
7500435019873,304391
7509552922271,309653
7509552874136,307333
7791293047447,306705
7500435159241,305834
7792640001150,399230
7500435142557,305012
7791293045795,307573
7509552922271,309653
7509552920857,309652
7509552902532,312774
7791293045771,307566
7791293045764,307565
7500435229845,308238
7790740000240,306650
7509552902334,308010
7792640002805,307710
7791293045658,307555
7509552815269,307162
7792640007725,310200
7500435155847,305234
7509552790498,306489
7791293045825,307575
7792640008104,320514
7791293045511,307308
7798140256724,307239
7798140256762,307236
7509552876659,308160
7509552902495,308150
7792640002812,307711
7500435019705,304385
7792640000283,365076
7509552823806,307960
7791293027869,232200
7501056344092,214440
7500435019705,304385
7791293027869,232200
7791293045788,307586
7791293050331,309297
7798140256748,307258
7798140256663,307257
7509552876260,308020
7500435155830,305232
7791293027883,232199
7791293046389,311765
7792640000320,341282
7792640000269,365050
7792640000276,365068
190679000019,304120
7501056342944,214431
7509552836585,306497
7792640001907,304145
7792640001945,304147
7791293045832,307587
7501006721119,158012
7798140256700,307259
7798140257738,308176
7509552924121,310187
7509552923858,310176
7509552899191,309337
7509552899207,309339
7899026462571,265065
7509552899214,309340
7509552923889,310179
7899026462670,304759
7509552923865,310177
7899026462533,304766
7509552899177,309335
7509552899153,309333
7899026462625,304762
7899026462601,304764
7899026462557,304765
7509552917390,303753
7509552844771,305115
7899026462656,238010
7899026462687,304756
3614225108723,175424
3614225108747,128689
3614225108785,175421
3614225108846,175427
3614225108853,304805
3614225108877,175426
3614225108945,128698
3614225108907,128696
7509552917390,303753
7509552917413,303756
7509552923834,310175
7509552917437,303758
7790064001909,339075
7790064000261,227372
7891010560737,367443
7790064002029,304208
7790064000124,454310
7790773007063,165178
7790773007124,125800
7790064001701,661694
7790064000230,180934
7790773007117,302453
7790064104716,305587
7798101910214,303730
7790064001954,264657
7790064104662,308045
7791274197963,306402
7798096051022,188037
7798096051107,305527
7794440080519,107307
7794440008025,329878
4005800137556,232143
7793008018759,310333
7794640173073,306625
4005808515592,436678
7791293033006,230109
7794640173127,307179
4005808890590,385069
7793742008252,316125
4005900399946,303619
7794640173080,306626
7794640173097,307367
7794640173141,307176
7791293033020,230113
7798140254423,305457
7793008018766,310337
7793008018780,310338
7509552840339,304676
7793008018797,310335
42429142,311258
7794640173158,307178
7793008018803,310339
7794640173066,306624
4005900528223,304163
4005900470935,303977
7891010253905,307954
7791293033013,230112
7793742007392,316124
7501056326142,302999
7891010253929,306007
4005800137679,318216
7791293033051,458273
7791293033068,233874
7793008018124,308992
7793008018773,310334
42277095,322370
7798140251514,304634
7798140251309,304636
7798140251583,304635
7798140251705,304632
7798140254485,305978
7798140251729,304647
7798140259107,309986
7798140259992,307929
7798382383141,308694
7798382383158,308695
7798382383134,308693
7791600090135,305173
4005900036759,175364
4005808257553,303157
7791293043791,306874
7506339390230,304112
7791293043807,306875
7791293012063,163385
7791293049700,308164
7791600060589,305152
7791293043845,307276
78944800,307290
7500435129947,322053
79400052919,184141
7791293020297,196771
7791293012087,163387
78933354,304116
7791600018450,437597
7891150089983,308094
7791293022581,324075
7791600028657,152096
7791600603465,445892
7791600037345,152238
7794490630511,330485
7501001163983,302006
7794640630491,453296
7791293022567,324074
7794490630245,302244
7791293049717,308165
7791600087234,696664
4005808257621,154882
79400300546,258282
7791293048024,307870
7798175711632,305791
7798175711649,305789
7791293022635,324076
7791293025889,306741
7791600022358,310529
7798332020850,305775
7791905004226,311904
7798175718471,305786
7798175718860,305777
7798175719928,305776
7702018913664,231728
7791600174767,305153
78944794,307288
7500435156875,305336
7791293046808,307274
7791293049625,308123
7791600022570,310532
78925519,163389
7791600596576,305171
7791905004219,311906
7791905024354,311907
4005900036704,175368
4005900130785,243842
7791293049571,308677
7791293048482,307074
7791293048505,307077
7506306241183,303225
77987983,305226
7506306214989,308089
4005808257669,303159
7891150089952,308092
7791293049588,308678
7791293049564,308675
7506306241176,116708
78924468,312720
7506306214972,308090
7891150064300,308091
78924529,116709
7794640171376,303279
7791600024345,452915
7794640171239,234154
7794640171246,303280
79400052926,184140
4005808257584,303158
7891150068735,308093
7791600295356,305165
7791600064563,305155
78944855,307287
7791293049526,308671
7791293032467,324070
7791293032481,324071
7791600064563,305155
79400110695,254027
7791600066444,354007
7791600619251,305086
7791293032498,324072
7791905023746,311914
7791905023777,311913
78944848,307285
78926523,324073
7791600022020,310524
7898422746827,119414
7794218106564,312599
4005900683830,317854
7791293046884,307862
7891150026025,303303
7891024034781,307358
7798339190112,305398
7891150019560,303311
650240035401,304655
7790990000878,306670
7794218000190,312601
7891150046481,303547
7509546683386,307413
7791293046891,307861
7798339190051,305394
7891010035976,254205
7891150025998,303304
7509546683379,307412
7891024034897,317573
7791293049182,307848
7791293046877,307863
7798339190082,305397
7798140259442,304625
650240004643,304637
7798339190136,305399
7891024024249,240357
7794218000152,312598
7790990000823,306666
7509546683409,307415
7790990000786,306664
7794218000138,312594
7794218000183,312590
7794218106557,312591
7798339190075,305395
7891150035881,303318
7891150035874,303306
7791293046136,307867
7509546070988,303928
7891024027226,305050
7891024027257,305047
7891150025981,303307
7891024028995,305327
7791293046112,307864
7791293041865,306376
7509546053776,249568
7791293046143,307865
7790740000455,306936
7791600603137,306211
7791600037123,393398
7791600018122,445883
7791600028015,344362
7791600044053,233418
7791600040147,178951
7790740000431,306934
7791600050092,300314
7791600173029,238811
7791600087012,232209
7791600024680,696647
7791600024017,303939
7791600619145,305085
7791600596248,305169
7791600668518,152472
7798140256168,307354
7791600024017,303939
7791600024680,696647
8002990292139,254447
7506460101057,319271
7794728011174,683531
7791580005082,386588
7794728013840,302720
7791580005051,323349
7805010002135,225241
7791580002029,323357
7794728011273,683558
7794728001120,683540
7791580005143,305403
7791580005068,683370
8002990292092,254448
7791580003040,323209
7798339190433,307462
7804923066418,310332
7790010002899,308031
7790010002806,308113
7794626011498,306682
7790010002790,308112
7790010002813,308029
7790010002851,308873
7790010002837,308033
7790010002820,308032
7790770601998,308624
7790010002882,308034
7790010002875,308872
7790010002844,308119
7790010002905,308122
7790770601875,308628
7790770601974,308623
7790770602032,308626
7790770602209,308622
7790770602186,310349
7790770602049,311739
7790250097501,307481
7790940233257,312518
7793620003553,307958
7790770602056,311738
7790770602001,310346
7790770602018,306633
7790770602193,311742
4006000016719,310014
4005808944385,307174
7793008017998,308988
7319470066793,304272
7793742004681,307143
7793742003790,307127
7793008018131,308995
4006000016740,310016
7793008018025,308989
7702003008511,309438
7791274002830,303768
7793008017950,308984
7793008017967,321238
7793008017981,308985
7793008018032,308990
7793008018100,308993
7793742003738,303752
7793742003776,303748
7793742004735,306014
7793742004759,319917
7793742024627,310428
4005900954541,317847
7790416066426,223057
7790416066525,223058
7791274005329,297886
7790416066631,223062
7790416066624,223059
7791274005275,307725
7790416018616,310012
7791274198069,304690
7791274198045,304688
7791274198052,310510
7791293044491,306751
7791293044477,306749
7891010254780,306111
7891010254773,306110
7891010254803,306824
7891010254766,306447
7891010254797,306146
7702026194697,307841
7702425543966,321405
7702026194703,307842
7500435229562,307946
7790010002769,308118
7794626010842,305799
7790010002776,308040
7500435229517,309376
7790010002653,308121
7790010002615,308871
7790770601912,308629
7794626010828,305933
7790010002752,308039
7500435229500,309375
7790010003162,310423
7790770601851,308634
7500435229494,309374
7790010003179,310424
7500435229487,309373
7500435229609,309379
7790010002646,308114
7790770601899,308632
7790010002677,308041
7794626011566,306955
7790010002721,308116
7790010002738,308117
7790010002783,308042
7790010002707,308115
7500435229654,309380
7790770602070,308619
7790010003186,310426
7790010002714,308043
7790010002639,308036
7790010002622,308035
7790770602087,308620
7790940216212,304900
7790940518026,312510
7790940518033,312511
7790940518040,312515
7790770601882,310342
7891010976262,304068
7790010002745,308038
7798140253372,304963
7509552912005,303250
7798140257547,308168
7509552912012,303251
7798140259978,304966
7798140255024,306676
4005900086426,298275
7798140259985,304965
7501027232311,364312
7798140257554,308166
4005900806161,306268
7899706194273,313199
4005900938534,317852
7891010251048,307956
7798140257530,308167
7509552844047,313200
7891010245214,304447
7501056325442,235904
7509552905137,213418
3600542326414,305231
7501056330309,303499
7793742005039,307878
7793742007576,446932
7793742007583,190579
7798140257592,308169
7798140257578,308172
7509552849646,306902
4005900713636,317850
7891010099725,303474
7798008966505,308690
4005900713629,317067
7891010253844,306961
7798008966482,308689
7798140250371,304640
7798140257561,308171
7509552796131,317433
7509552905366,213415
7509552911992,303249
7793742002922,190425
7793742007897,182892
7509552455557,304259
4005900773821,306264
4005900359261,306968
4005900773838,306267
650240051630,305852
7501054541172,317851
650240051647,305853
7501056324889,302997
7790773008473,216052
7509552800098,304096
7790773008435,307509
7793742007415,307876
7891010245160,304214
7791274197710,310516
7793742007934,318545
4005900773845,306265
7509552798005,313202
7509552842319,321328
7702018983872,242466
7500435211635,307937
7702018001071,157221
7702018072477,197652
7702018072392,197665
7702018072217,241790
7506339315905,252408
70330734395,304998
70330731769,305210
7500435178570,307803
7500435219648,307766
7500435219334,307940
7500435225366,307938
47400179240,359998
70330731745,245661
7506339337525,242483
7500435173100,307485
7500435224604,307768
7702018874729,128947
7702018983902,242481
7500435204026,309416
7702018072408,197667
7702018053469,307767
7500435219655,307765
4005808229123,304316
7702018037865,304278
7702018037896,304279
7702018874750,128948
7500435173223,307486
8715200813061,152147
7500435144223,304877
7500435178587,307804
70330745889,305209
7500435219662,307770
7702018874781,128949
70330371002,306085
70330728509,306082
70330721838,306084
70330732339,251900
7506339337532,242486
7500435144230,304878
70330728547,306083
7506339315486,252407
70330717527,121715
70330717510,121714
7500435125239,298431
7500435160674,306415
8412300813006,152078
7501843502926,307757
7506339337549,315880
7506339389500,314640
70330734401,305000
70330717565,305213
70942306805,303421
7891024183083,134447
7891024183120,301611
7794640171741,303282
7794640171758,304869
7891024183182,307357
7794640171765,303281
70942303194,305246
7794640171703,320019
7509546075242,307230
7591083011098,302605
5900273001566,301201
70942003308,304934
99176316565,164172
99176369226,303715
70942003117,254379
70942004114,254390
7702010631207,173535
7798142356385,306375
7509546073453,303910
7798142356392,307976
7753442000390,317768
7891024116128,303571
7793100151224,233656
7794640172984,320018
3014260019723,303722
70942501248,305242
7501086453955,248147
7501086494262,306618
7702010630422,302111
7794640171697,307706
7891024131183,307744
7891024136409,303394
7891024030806,307752
7891010255312,309499
7891010255350,308876
7509546686622,316951
7891010255374,309502
7891024130940,233312
7509546686615,316950
7509546679617,307743
7891010255244,309498
7891010255381,309503
7891010255282,309483
7509546686509,307783
7793100111891,243896
7891024034095,303594
7509546686042,308001
7896015520045,303793
7509546686523,307782
7798142351205,306403
7509546687292,307740
7891024135020,245023
7891024123027,187010
7891024005064,316949
7500435150248,305061
7509546654034,305059
7506295388487,223043
7509546056098,220703
7891037744257,362573
7509546066776,696073
7793100120275,251566
7793100120282,251567
7896015591106,304030
7500435127363,304019
7509546651057,305046
7896009419294,176802
7896009419324,303391
7891024131909,304287
7798142350222,307975
7891024123362,304575
7896009498091,307594
7509546668055,305531
5054563054975,307119
7896015527457,197061
7509546667577,306152
7891024124628,215175
7896009498589,310189
7896015527433,305045
7790139101053,286361
7790139003807,219323
7790139000400,219324
7790139003654,188195
7790139000288,211849
7702003010781,307350
7702003010736,306417
7501054542896,321252
7501054550044,311280
7702003010743,317068
7702003010774,317843
4005900942791,317842
7501054550563,317844
7791519704642,306178
7791519702105,193069
7798171946502,305025
7791519704635,306182
7791519704659,306181
7791519704604,307037
7791014121906,304940
7791014001536,226850
7791014001512,230117
7798171946496,305024
7790940515063,696529
7896007552955,308055
7702026174149,307924
7896007552962,308057
7702026174156,307923
7790940410252,312503
7794626013713,311959
7790940410245,312502
4058075780477,293013
4058075776456,275257
4058075776432,275267
4058075776593,275264
4058075776531,275261
4058075776401,275266
4058075776579,275265
4058075776555,275262
7791813888468,312052
7791813828464,309355
7792798014835,315760
7792798014873,312909
7792798015061,323121
7792798013470,285932
7793147574093,318320
7793147573737,214674
7791813434412,272216
7791813828419,267134
7791813434450,272215
7790950147926,317392
7790314080159,313002
7790580143008,314377
7791843009116,236432
7791813444411,309356
7791813888413,312051
7790580143237,314372
7790314080203,313004
7790975204062,947210
7793147573546,311052
7790314063824,284969
7791200200781,110698
7792798015023,315759
7790168904502,311066
7791200200552,181715
7790314080180,315038
7790168904373,311064
7791203003341,293993
7793147573683,315751
7791200000626,262908
7790314079924,313001
7790975204215,947229
7610113025024,315735
7790290101756,310411
7791813403029,311007
7790703205095,298962
7802175001065,294218
7790975204154,278189
7790290101787,321402
7798324540106,313960
7790040143364,311230
7790040144095,311216
7790580146115,311475
7790040143234,311226
7790040143524,311937
7790040137837,291902
7790040144088,311935
7790040143944,312905
7790040143920,315329
7790040143937,312904
7790580138868,311474
7790040143807,312472
7790040143227,311225
7790040143241,311228
7790580138738,311473
7797394001555,208831
7790040143265,312158
7794000008557,311087
7790040143784,312473
7898024395867,208827
7798343751521,321387
7613036069724,271511
7790070562265,221868
7790040145337,313301
7790070432964,310145
7790070432438,311160
7790040144125,312902
7790040143500,311224
7790040143777,312471
7794000008540,311086
7793890258769,713375
7790580147242,312492
7793890258776,713377
7790070433091,309318
7793890258783,713378
7790070432858,317955
7790070433169,224468
7790070431431,309231
7793890261493,716362
7790070433114,296059
7798343751507,321386
7793890261486,716361
7793890258752,714376
7891000392775,312508
7790070322074,321325
7790070432476,311172
7790070432490,310139
7790040143555,312484
7790070432971,311153
7891000421390,317192
7891000421093,317193
7790040144033,312903
7891000421451,317580
7793890260885,715976
7790070432537,310142
7790070432513,310141
7798128000677,294538
7798187211854,317315
7790070336675,318294
7891000434239,317190
7794000008533,311085
7798187211885,316793
7792180143280,308653
7798095172384,313951
7790070322081,321324
7790070507341,221396
7790070507358,221397
7790580151713,317796
7793890260892,715975
7896004009186,312124
7790580151690,317794
7790580152222,317800
7798128000684,294541
7790070432995,311171
7790580118617,317795
7790310985571,299330
7790070433015,311158
7891000421574,322363
7790580143718,317804
7793890261233,716036
7790070433008,311156
7790710334757,315546
7793890259001,713286
7790580152215,317798
7791120099762,294333
7790070431745,309315
7790070336965,311169
7793890261196,716038
7793890261523,717295
7622202328947,271350
7798187211847,317316
7790310984444,284909
7790040142503,311214
7793890262407,717442
7794000008519,311083
7798187760130,285158
7790070337108,311149
7791568000719,299522
7790670052500,714856
7790670051985,709812
7798143590115,144156
7798151953407,299825
7798143590085,704717
7798010462002,179715
7798143590306,717429
7791337010413,717434
7791337010420,717433
7791337009950,716800
7791337009943,716801
7791337010369,717399
7791337010208,717435
7791337009677,716433
7791337010307,717431
7791337010260,717437
7791337010314,717432
7791337008564,715043
7791620187860,714669
7791337010376,717402
7791337010437,717438
7791337010093,716805
7791337009967,716803
7793890258264,712890
7791337010192,717408
7793890258288,712891
7793890258271,712893
7793913013993,715592
7791337010185,717407
7791337008519,714946
7791337010451,717426
7791337010536,717427
7794820903230,715483
7791337010482,717422
7791337007932,714603
7791337009387,715307
7791337008588,715019
7791337010499,717421
7791337008571,715044
7791337009424,715342
7791337009622,715480
7791337009356,715306
7791337007949,714605
7798136870859,717111
7798338291315,714883
7791337010635,717611
7791337009639,715479
7794820903223,715485
7793913014013,716519
7790742624109,322251
7794820903711,717551
7793913013986,715591
7791337010604,717603
7791337009400,715197
7790742340900,713447
7791337010666,717608
7793913013818,716517
7790742387806,322961
7790070036025,713424
7790742671653,710205
7791337010291,717441
7793890260915,715919
7790742340108,709381
7793913014020,716521
7791337010574,717607
7791337010581,717605
7791337007901,714601
7794820903483,716556
7798136870743,715550
7791337010659,717610
7794820903490,716557
7791337010680,717616
7790742661333,716890
7791337010673,717615
7794820903216,715455
7791337010642,717609
7791337010628,717613
7791337010611,717612
7790990003220,313514
7790990003787,316048
7791828900186,322665
7790990002834,315220
7790250057086,317556
7790520028747,310804
7790250057765,293977
7790990003411,316047
7790990003022,293074
7790990003046,293077
7790520029096,278746
7791130681384,244504
7500435160070,315374
7791290796591,321705
7791290796485,318245
7500435252942,321804
7791290796416,318008
7791290796447,318011
7794440101702,122521
7791290794160,311176
7790990003121,293080
7790520026187,314601
7793253005481,292485
7891150091986,318247
7500435252935,321803
7790520028945,315803
7791290795655,309883
7791290796683,321708
7791290795662,310146
7794321019218,315043
7790520028877,310803
7791290796645,321707
7791290796669,321704
7790520996497,316218
7703147350818,317642
7793253005498,287307
7790520026132,318244
7790520028969,315792
7791290795617,310147
7793253006822,321614
7790520031556,318278
7790990003145,293082
7791290794962,312840
7791130963411,312773
7791290795594,309884
7790520996473,315831
7790520031044,315794
7791290795570,309881
7791290796102,317290
7791290796539,320702
7891150091979,318246
7790520996428,315824
7790520029553,316221
7790520031488,319911
7791290795808,311791
7791290796621,321703
7790520996381,315808
7790520996435,315827
7790520031501,321155
7790520996466,315830
7790520028631,315833
7791290791954,312867
7790520028082,310805
7793253007072,321611
7790520028952,314611
7791290795846,311792
7790520031549,318277
7791130963497,312771
7794440760008,318987
7794440760015,318988
7791130963428,312772
7798131250724,315976
7790520028419,321278
7790520031914,323171
7790520028044,315795
7794440007141,154599
7790520028884,310801
7798131250205,279993
7798131250731,315977
7702626204178,317743
7790520029539,314607
7790520028426,321279
7798131250199,279991
7790520031518,321156
7790520999320,291083
7790520028440,321277
7790990003848,317655
7790520028464,321280
7500435243612,314643
7793253170615,223601
7790520995438,290547
7791199003028,310548
7794321801189,275852
7808718510674,199792
7794757260819,315905
7791762814686,129586
7501030682332,199721
7791293051437,316269
7791293051468,316267
7791293051208,313030
7791293049960,317079
7790250097617,310669
7791293048826,312166
7891150104839,321628
7891150097124,313186
7891150095700,312680
7791293051017,313184
7509546702636,321433
7500435231237,313692
7791293050126,317089
7891150095618,312679
7791293050560,309898
7790250097655,310665
7791293050928,312676
7791293051444,316273
7509552964165,317364
7790250097648,310671
7509552964394,318313
7791293049878,317082
7500435235365,310857
7509552979558,321326
7509552930344,312760
7506306254459,322967
7790033338197,323093
7500435248037,316926
7891024134702,316072
7790250097662,310843
7509552935615,312493
7891150097148,313182
7794626014949,305962
7509552964554,318311
7509552925890,311131
7500435191456,317558
7798140257851,311630
7791293050775,312388
7500435243674,312572
7891150103504,321627
7509552964417,318309
7791293050911,312675
7509546690315,313111
7791293050263,317946
7500435191494,317559
7500435235334,310864
7791293051543,318975
7790250097624,310666
7506306255050,316265
7791293051581,318971
7500435249348,316930
7891150103481,321626
7791293051475,316272
7891150097131,313185
7791293051574,318972
7791293050607,309863
7509546695525,311636
7500435248044,316928
7896009498978,315027
7791293050812,312174
7500435247979,316927
7500435230094,307967
7891150101784,321227
7509552928877,312764
7793008017936,311695
7793008017943,311696
7791293051642,318977
7500435241052,317563
7793008020431,317385
7500435169486,319420
7509552930337,312759
7500435231244,313690
7891150099906,316702
7509552925913,311128
7899706188340,313201
7791293051550,318974
7506306249981,311948
7793008019725,312544
7791293050454,309922
7506306255067,316316
7891150101647,318306
7791293051024,313183
7509552902846,308016
7509552937343,312757
7500435243681,312574
7891150104822,321625
7793008020424,317384
7793008019060,310828
7790740001797,316312
7509546693736,315277
7509546703640,321428
7506460101088,315754
7791293050416,309925
7793008017929,311694
7500435241045,317562
7791293049779,309425
7793008019053,310825
7509552923940,310184
7791293050850,312170
7791293049748,309429
7791293050881,312066
7509552922295,313967
7793008019770,312548
7500435249355,316931
7891024116319,321432
7791293051482,316271
7791293050072,310322
7798140257868,311631
7791293050430,309920
7791293047034,306696
7793008019749,312546
7500435191586,317561
7509552948172,317427
7500435247955,316925
7790033338173,323091
7793008019787,312549
7509552948073,308143
7509546690285,309846
7509552923933,310183
7791293048048,312383
7793742003004,316116
7509552948097,308130
7794640170102,230453
7891150099920,316274
7891024179437,187017
7791293050768,312387
7500435243698,312571
7794626012822,310830
7509552948547,315458
7793008019756,312547
7791293051659,318978
7794626014956,306006
7791293047041,306694
7509552947991,315459
7509552948004,308138
7791293047874,312386
7509552948189,308125
7891010882990,303519
7891010251031,307952
7509552948028,308140
7509546702605,318537
7500435249331,316929
7793742004698,306015
7791293051420,316268
7791293051666,318979
7790033338166,323095
7790773008459,192924
7500435237604,314637
7798181641411,715337
7790250042792,310672
7896061990687,316249
7500435237598,314638
7702425632189,318570
7794626015359,317270
7790010002950,309983
7790010003308,310418
7790010002967,310419
7798181641459,715339
7790010003254,310414
7790010002912,309984
7891010257378,321461
7790010002974,309980
7790010003278,310416
7794626013973,310829
7702031244592,310878
7790010003261,310415
7790070036605,716576
7790010003193,310412
7790070036599,716575
7790360982018,716895
7798342151407,715068
7891515629458,716550
7790670052791,715333
7891515629465,716654
7798342151124,714509
7790070040046,715885
7790070040015,715884
7790670052562,714849
7790670052593,714845
7790670052722,715537
7798342151582,714722
7891515586720,715857
7798342151377,710877
7790360982247,716455
7790670052586,714846
7790670052616,714847
7790670052708,715535
7790670052999,716450
7798342151391,710876
7790360982254,716457
7891515588410,715856
7790670052739,715536
7790670052555,714848
7798342151971,716584
7790670052715,715534
7790670052609,714853
7790174001301,714901
7792180143402,714864
7790174001325,714899
7891000115619,280393
7806810221009,208943
7806810210010,269988
7806810200028,208878
7793015001041,221232
7806810209670,208932
7790503199099,283905
7622202839962,324100
7792200000319,866750
7792180004741,224400
7622202293733,321231
7790070265333,311144
7790040719804,163264
7790150150276,317376
7790503000296,257972
7790040143517,312155
7794000008274,312087
7790070335982,309758
7790045827733,317272
7794000008281,312086
7790272008394,317389
7798224212080,315424
7790199602910,707623
7790070507372,221395
7794870000330,281108
7798224213261,317697
7790310986615,313849
7798151953551,321308
7798224212363,317698
7792180140562,711626
7793890259261,715351
7794520869355,310431
7794520869294,310435
7792200000791,889563
7793750009777,282619
7793890262131,717335
7792180146106,321319
7791120037559,104279
7793890262162,716942
7790387001440,315034
7798125811085,310945
7798031470871,317791
7794520869034,294769
7793890260724,715918
7792180007254,253957
7798224212035,317701
7790580152123,318421
7790580152130,318422
7790387001464,315035
7798061191739,317931
7790070336668,311148
7798224212066,317696
7790580152109,318079
7790070431738,309313
7790040152793,323131
7790310985793,310351
7790310985649,299331
7798031470888,317792
7798187210178,310650
7794000008915,312731
7798224212127,315425
7790412000288,295731
7790387001433,315033
7622202288319,317959
7798125811061,312733
7792180146120,321318
7622202333255,324581
7790580152147,318420
7793890261509,716365
7794520869317,310430
7798224212288,315428
7790387001419,315031
7790670052517,714857
7790670052203,714446
7790670052548,714854
7790398100132,182073
7797906054925,714995
7790787960927,717390
7791337061507,715698
7790080013610,219872
7794990177523,715607
7791337010321,717423
7791337010406,717439
7791337010512,717405
7790244941827,715025
7798060854017,716141
7790742340306,709766
7798060854024,716140
7791337009776,716299
7791337009882,716524
7797906055014,716209
7791337010390,717440
7791337009608,715454
7797906054956,714997
7790787960880,716479
7790787960873,716478
7791337009851,716387
7790080019872,219868
7791337010444,717425
7790670052869,715332
7791337009868,716523
7794820903070,714980
7790742667649,708900
7790742326607,716887
7794990177530,715827
7794820903087,714981
7790742667328,708899
7791337008625,714855
7790670045465,700779
7790787960774,715637
7794820903513,716923
7794820903605,717244
7791337008663,715187
7790742667311,711085
7794820903506,716922
7797906054918,714996
7791337060944,715134
7790070036001,713316
7790070036513,714939
7790742326300,716888
7794820903339,319419
7791337008670,715183
7798060854345,716568
7790787960712,715635
7792180136985,709879
7798060854352,716567
7792180136480,709385
7794990177585,715828
7792180004789,224402
7791337008489,714822
7793890261462,716360
7791337008687,715181
7794820903094,714842
7790070035707,715609
7793890259018,713282
7794820000304,786020
7790742249906,715414
7793890261479,716366
7790742437105,317032
7790787960781,715639
7790787016518,716459
7797906054987,715512
7791337008656,715186
7793913013733,716518
7794990172757,714748
7794820903292,716965
7793890261516,717296
7791337008694,715185
7790670052678,714858
7790070433220,224470
7792180008640,705603
7798302800437,715936
7793890262391,717445
7793890262384,717443
7790787016501,716463
7794990177578,715829
7793913013740,715324
7791337008700,715184
7792180143419,714866
7790199602934,707625
7790787960811,715633
7798383010138,714528
7798183020351,714742
7793890262414,717446
7798183020344,714732
7798183020368,714733
7798181641428,715576
7798181641442,715577
7791813888475,312054
7791813888406,312050
7791813888376,115193
7791661000333,321698
7798353194752,313549
7791813444473,165059
7794450948694,317662
7791670027833,312417
7791728248265,281984
7798324540137,317841
7790984005162,282281
7798324540113,317840
7798324540045,286336
7798162671314,316284
7798130466232,309914
7790314080142,313445
7791250003400,314561
7790703206221,314613
7798130466270,309913
7790895649837,315798
7790580154240,323177
7791728247688,110286
7791728001082,441935
7891150081239,317576
7896009499128,315029
7509546697536,316254
7791293049953,317081
7791293050614,309864
7509546697567,316252
7891024032886,318220
7891024034767,317995
7509552964561,318314
7509546653396,322673
7509552979541,318315
7790010003070,310421
7791274197741,459839
7509552920932,309683
7794626013829,311963
7791293047850,312382
7509552859119,307456
7790010003216,317326
7509552911961,312497
7791293050508,312892
7791293050119,317087
7790940000019,167015
7891150055780,315160
7790773008404,182289
7891010257385,321462
7794640170164,185882
7500435260497,322442
7791293050041,317083
7891010255220,313023
7791293030203,254825
7790250042822,310673
7790010002981,309981
7509552940428,318997
7791293050485,310316
7793008019008,321124
7509546686912,309857
7509552900750,312496
7509552964264,317362
7791519704338,306183
7891150049895,315162
7509552940435,318996
7790010003087,310422
7794626001475,156351
7891010255305,309495
7793008018995,321126
7792640007732,310201
7891010257521,321457
7500435231480,319421
7790250040897,317114
7896015519223,147234
7791519705441,311092
7790250042150,312662
7793008020448,315791
7792640006711,320515
7793008018988,310823
7509552923759,310169
7509552923797,310171
7790250042181,312659
7790770602933,321844
7791600295462,305167
7793742008740,321730
7793742007439,318546
7798140253945,305976
7790590016477,312361
7790990002858,317653
7794440001729,952630
7790560000819,104743
7790590016484,312362
7794440005505,884359
7794321801226,269368
7702626219912,317658
7791190003706,309927
7793253007157,318564
7791190003690,309926
7790520028433,321282
7791828900056,313121
7790990002964,316043
7791290796478,318251
7794440006564,247578
7790560003810,153331
7790560001076,103045
7798131250700,317574
7794440760039,318991
7703147350955,318048
7791290796577,321414
7794321802001,315841
7790560001106,442912
7794440007172,264933
7790520031495,319909
7790613072206,311973
7791199002526,310550
7791290794979,312841
7790520995384,287600
7794321802018,315843
7793344019823,308710
7790520026309,316226
7794440007264,278022
7793253006792,317988
7793253007065,321612
7794321550018,266711
7790990002926,317651
7794440006502,107816
7798131250595,292183
7791290796393,318249
7790520027023,320974
7806810001717,281237
7794321550032,266713
7793253007140,318562
7703147350849,318050
7793253007102,318561
7790117061973,313005
7791290796584,321415
7793253007003,318565
7793253007249,321615
7794440740031,322612
7794440007301,282915
7791274200915,310678
7790900019105,320599
7793253007126,318563
7790117061997,313006
7806810013031,279399
7896001000742,284709
7793350995166,321984
7798262020197,290527
7791416078112,311486
7794321882003,274065
7891155040958,265360
7791231160009,233703
7795245073669,278881
7790900001155,276326
7792281409032,279951
7891155040903,265362
7808718510551,280921
7891155078944,290687
7796988003029,276975
7501037600018,219614
7798103300235,107658
7792180131935,272343
7792180131942,272344
7790272008387,317386
7792180005205,235731
7790070231697,288493
7798154950014,282449
7792070071693,317997
7792070071716,317999
7798383010169,714527
7798383010152,714529
7798383010121,714525
7794520869331,310436
7798187211267,310664
7790310985809,312121
7790310985830,310279
7790310988114,323044
7794520869003,294664
7790310987995,322705
7794520869324,310438
7790310985670,312725
7792180146090,321317
7798187212202,317318
7790310987780,318472
7794520869577,321726
7798187212196,317050
7794520869782,321725
7790310988220,323111
7798187212158,317319
7798187211915,316794
7790070336446,312914
7790070336538,312912
7798031470819,312637
7790070337009,311147
7798031470789,315008
7798048720396,100327
7798048720488,100326
7798048720471,100329
8445290993021,714799
8445290993045,309858
7794000008687,311632
8445290993069,310108
7799037060493,317434
7799037603003,294864
7792180145628,321314
7792180145758,321315
7799037145176,294863
7798370550159,299818
7790070336972,311151
7792180144157,315245
7794000008243,313192
7790580144951,316064
7798456650124,322328
7794000008229,311188
7798456650131,322329
7790580145460,316058
7790580137960,292539
7792180142191,313845
7792180139597,286736
7798456650148,322330
7796373002248,309975
7790070431523,309312
7792180143921,315247
7792180142948,310036
7792180143037,312245
7798334587054,295980
7792180142931,310035
7792180143051,312246
7792180142924,310033
7622202218729,312520
7790503198689,276406
7790380023487,313081
7790310984475,285003
7790040143548,311934
7790503000364,282134
8008698003503,322944
7798418980016,317285
7798418980023,317286
8445291121881,312608
8445291121904,316310
8445291121843,312607
7792710006153,453459
7790150231258,290310
7790150250426,291046
7790150231173,290309
7790150231333,290311
7790150370100,312643
7790150250471,278550
7790580131272,315357
7790580152093,318077
7792360096634,312184
7622202247286,315921
7790580146047,313026
7790580152116,318080
7790040150072,317788
7790580115579,266487
7622202288197,318519
7622202247316,316074
7790580120085,318430
7790580103279,318435
7622202228469,317957
7790580146092,312465
7793323004260,292976
7792180141859,298984
7792180141880,298985
7792180141873,298988
7792180141903,298989
7790150812549,289610
7790710334658,286646
7792280006140,315767
8445291311510,313953
8445291738775,317198
8445290154125,317836
8445291830806,317838
7891000249833,317191
7891000421420,317196
8445290814425,317835
7613036071499,277521
8445291061347,321856
7790150161029,287917
8445291367272,323043
8445291586864,315208
7790150161128,287918
7790170903715,288889
7790150080573,313206
8445291749221,323709
7790150080900,313205
7790150101490,286081
7790170904668,286083
7791118013343,316965
7790150161500,316428
8445291749672,323708
7790150161081,287927
7798343751446,321385
7798343751057,321383
7798343751095,321388
7790040142480,311212
7790040142497,311213
7798169802773,311240
7798187760963,313174
7790150831106,284867
7792981071263,317763
7792981071287,317765
7792798014934,315763
7792798015344,322586
7791913000746,296612
7791203001231,863807
7791843004982,134320
7790314080197,315037
7798051302244,322615
7798123970685,317203
7790975198774,283384
7790975022345,150379
7790580141509,314376
7790580154219,239338
7790580154233,239340
7798161722192,287616
7792410544023,316182
7798131200620,108197
7791200200620,276059
6001108103956,317393
5000299611104,296725
5000267107776,128216
5000267114279,128215
7791337009707,716940
7791337007796,714362
7790742437303,317325
7790742437402,317324
7791337010161,717203
7798095172100,320020
7793046004141,241665
7790580504809,101939
7793046001416,241667
7793046002215,241669
7793360126994,709717
7794820903612,717549
7791337009394,715196
7798136870781,715463
7790787960934,717539
7798338291544,716342
7798338291551,716343
7790670052418,714715
7790079010828,740390
7790670052401,714716
7790670052395,714714
7798164602606,700072
7790670052364,714444
7790360983954,717286
7790360983947,717285
7790670045502,219055
7790360026002,262032
7790079000317,746576
7792335000321,715397
7790742223203,710128
7794820015247,254929
7794990880225,185420
7891143018396,710656
7790742223104,710116
7790787002931,234484
7790742102805,458233
7790742167200,708897
7790742223302,713603
7790244941872,716832
7790742167309,708896
7798099131004,711200
7790742167101,708898
7793890262360,717618
7791664000125,784400
7790079022593,711089
7790079000638,756733
7790079021619,708636
7790079001031,223696
7798013100697,701781
7798013108136,715710
7798013102875,706471
7790079000904,756687
7798013106910,708142
7790079022623,711104
7798013108143,715709
7796953215228,704313
7790079019159,233535
7798013100567,710358
7790079019326,233559
7790139101695,298805
7793890261226,716182
7793890262148,717336
7793890262155,717337
7898954933467,716908
7793890261837,717430
7898954933610,716914
7793890258868,714374
7793890259698,714375
7798171572763,708606
7792180143426,714865
7798342151513,712406
7798342151520,712405
7798342151261,714392
7791130963329,312766
7500435159999,315373
7791290796546,320703
7793350000242,452697
7793350992660,121458
7793350995012,321985
7793350992677,121459
7793350995029,321986
7791130001670,235003
8901023025075,318254
7790900015114,130808
7798184582391,318285
7790520029577,316220
7791130065832,155293
7793344009503,280055
7793253007010,318567
4023103147737,260253
7794440007165,178852
7790117001856,284345
7790117001559,223165
4023103200982,322380
7798184582292,316230
7791290795754,311793
7791905004486,311876
7790990003053,293079
7790990003275,309396
7790900011246,233202
7791905023951,311869
7791905023845,311867
7798184581578,276069
7791905023890,311868
7790520028914,316224
7790520026293,316227
7790520028921,316225
7790520028938,314603
7791130302586,257139
7791293049694,312064
7501056342999,214446
7891150100282,317188
7791293050652,311745
7791293050645,311746
7509552874013,311127
7509552851625,306960
7500435191524,307186
4006000040424,311262
7791274005305,297870
7791274198564,307473
4005900985828,303744
7793742008276,318544
7798420160628,305301
4006000005478,311276
4006000067919,317066
7798420160635,305455
4006000040349,311263
4006000120294,321396
4006000005485,321250
4006000067926,317065
7798420160611,322057
4006000040417,311261
7794640173196,307477
4006000040356,311264
7794640173110,306823
4006000128603,322368
4006000005492,311275
4006000104591,317064
4006000067933,317848
7509552962598,321327
7509552840322,304677
4005900957061,322366
4006000063102,303866
7798140253297,306677
7798101910177,303729
7790064104709,317733
7509546693170,312377
7891024134610,316071
7509546068558,306753
7509546695518,316073
7500435231220,321401
7891024035825,303904
7891024136300,233314
7501006719932,305837
7500435170987,305840
6920354824395,304806
7898422744335,315163
7501086472048,215075
7891150049871,315161
7805000784027,315844
7506306249974,311947
7791293051710,322968
7791293051772,320841
4006000196107,321839
7791293048802,312164
7791293050935,312677
4006000050188,311267
7791293048819,312165
7791293050867,312171
7790990004128,318458
7790990004104,318459
7500435169646,314639
4005808524105,322372
7791274196461,238374
8715200817205,321843
3086123549999,304962
7500435203982,307764
7790940216267,312507
7702425543973,321406
7794626014963,306005
7790250097563,310667
7794626010835,306956
7794626013430,312228
7790770602384,313032
7500435250559,317391
7791905024927,315169
7790416018593,310010
7791600603021,166831
7798350089006,317015
7798350089020,318276
4008600400028,317961
4008600407508,317960
7790010003063,310420
7790010003247,310413
7798420160109,318004
7790064105041,317740
7790064105034,317739
7790064105065,317741
7790064105010,317738
8445291478923,313846
7791416066331,278263
7791416072097,291573
3154144642101,288510
3154142427939,171588
3270220000167,278782
7798093912135,993727
7794757271013,171600
7792216210498,262970
7795513077832,294309
7791762255205,829773
3154148627128,294404
3154144644105,263127
7792216856641,316183
7794757260017,278679
7794757272010,159750
3154140379100,171586
3154148616009,315896
7792216856658,297716
7703486037487,269207
7501030666998,321657
7795245683394,225356
3154148610113,185275
3154148454694,310617
7501843504197,316174
7792216211235,262971
7500435235433,310860
7791905024699,311930
7790139101015,298790
7792360002079,162922
7792360002123,193917
7791600022136,310528
7790940234025,312519
7791293051635,318976
7790598012358,107689
7790577006903,271494
7790199603504,279603
7790199603467,279600
7790199603474,279601
7790040141254,315364
7790079000867,102779
7791293050973,312671
7791293050980,312672
7791293051000,312674
7791293050966,312670
7790598013782,136956
7790787206155,937630
7790787201303,140082
7790520030368,317883
7790079015649,153682
7790580148959,317806
7790580148973,317805
7790742448101,715060
7790742448309,715058
8445290256393,290535
7791130001663,235002
7790580126087,277181
7791070000412,249680
7793893001966,708061
7500435230100,307966
7500435235310,310868
7500435235464,310870
7791905024682,311926
7791293047829,307561
7790580131388,285114
7790940216250,312505
7790577000055,855960
7790577044837,285799
7790787960460,714545
7790742341709,717589
7798131250045,279996
